issue_month,grade,purpose,total_cnt,bad_rate
2015-01-01,A,car,47,6.382978723404255
2015-01-01,A,credit_card,2173,5.476300046019328
2015-01-01,A,debt_consolidation,3330,5.225225225225225
2015-01-01,A,home_improvement,274,4.37956204379562
2015-01-01,A,major_purchase,91,4.395604395604396
2015-01-01,A,other,86,5.813953488372093
2015-01-01,B,car,63,6.349206349206349
2015-01-01,B,credit_card,2648,12.197885196374623
2015-01-01,B,debt_consolidation,5499,13.129659938170576
2015-01-01,B,home_improvement,410,10.731707317073171
2015-01-01,B,major_purchase,125,12.0
2015-01-01,B,medical,46,8.695652173913043
2015-01-01,B,other,285,8.070175438596491
2015-01-01,B,vacation,31,9.67741935483871
2015-01-01,C,car,63,9.523809523809524
2015-01-01,C,credit_card,1937,21.06350025813113
2015-01-01,C,debt_consolidation,6603,19.157958503710436
2015-01-01,C,home_improvement,417,17.26618705035971
2015-01-01,C,major_purchase,132,19.696969696969695
2015-01-01,C,medical,105,19.047619047619047
2015-01-01,C,moving,63,14.285714285714285
2015-01-01,C,other,498,15.863453815261044
2015-01-01,C,small_business,72,13.88888888888889
2015-01-01,C,vacation,57,14.035087719298245
2015-01-01,D,credit_card,781,29.321382842509603
2015-01-01,D,debt_consolidation,4126,26.90256907416384
2015-01-01,D,home_improvement,258,29.457364341085274
2015-01-01,D,house,34,11.76470588235294
2015-01-01,D,major_purchase,87,33.33333333333333
2015-01-01,D,medical,67,23.88059701492537
2015-01-01,D,moving,53,22.641509433962266
2015-01-01,D,other,367,23.705722070844686
2015-01-01,D,small_business,80,28.749999999999996
2015-01-01,D,vacation,40,22.5
2015-01-01,E,credit_card,339,32.743362831858406
2015-01-01,E,debt_consolidation,2028,35.84812623274162
2015-01-01,E,home_improvement,153,31.372549019607842
2015-01-01,E,major_purchase,50,34.0
2015-01-01,E,other,179,34.63687150837989
2015-01-01,E,small_business,58,36.206896551724135
2015-01-01,F,credit_card,68,35.294117647058826
2015-01-01,F,debt_consolidation,602,42.857142857142854
2015-01-01,F,home_improvement,54,42.592592592592595
2015-01-01,F,other,58,39.6551724137931
2015-01-01,G,debt_consolidation,161,47.20496894409938
2015-02-01,A,car,46,4.3478260869565215
2015-02-01,A,credit_card,1633,5.695039804041642
2015-02-01,A,debt_consolidation,2306,5.85429314830876
2015-02-01,A,home_improvement,226,4.867256637168142
2015-02-01,A,major_purchase,72,2.7777777777777777
2015-02-01,A,other,73,4.10958904109589
2015-02-01,B,car,62,12.903225806451612
2015-02-01,B,credit_card,1878,11.022364217252397
2015-02-01,B,debt_consolidation,3743,11.995725353994123
2015-02-01,B,home_improvement,284,10.915492957746478
2015-02-01,B,major_purchase,78,16.666666666666664
2015-02-01,B,medical,35,5.714285714285714
2015-02-01,B,other,182,8.241758241758241
2015-02-01,C,car,52,26.923076923076923
2015-02-01,C,credit_card,1376,18.459302325581394
2015-02-01,C,debt_consolidation,4298,19.14844113541182
2015-02-01,C,home_improvement,310,12.580645161290322
2015-02-01,C,major_purchase,115,13.043478260869565
2015-02-01,C,medical,63,17.46031746031746
2015-02-01,C,moving,48,6.25
2015-02-01,C,other,319,15.673981191222571
2015-02-01,C,small_business,51,23.52941176470588
2015-02-01,C,vacation,54,12.962962962962962
2015-02-01,D,credit_card,542,29.88929889298893
2015-02-01,D,debt_consolidation,2509,27.580709445994422
2015-02-01,D,home_improvement,155,28.387096774193548
2015-02-01,D,major_purchase,69,21.73913043478261
2015-02-01,D,medical,41,26.82926829268293
2015-02-01,D,moving,39,30.76923076923077
2015-02-01,D,other,226,21.238938053097346
2015-02-01,D,small_business,80,26.25
2015-02-01,E,credit_card,213,34.27230046948357
2015-02-01,E,debt_consolidation,1398,34.26323319027182
2015-02-01,E,home_improvement,108,32.407407407407405
2015-02-01,E,major_purchase,32,34.375
2015-02-01,E,other,118,28.8135593220339
2015-02-01,E,small_business,58,32.758620689655174
2015-02-01,F,credit_card,44,45.45454545454545
2015-02-01,F,debt_consolidation,330,43.63636363636363
2015-02-01,F,home_improvement,32,31.25
2015-02-01,F,other,31,45.16129032258064
2015-02-01,G,debt_consolidation,92,55.434782608695656
2015-03-01,A,car,48,12.5
2015-03-01,A,credit_card,1634,5.997552019583844
2015-03-01,A,debt_consolidation,2111,7.010895310279489
2015-03-01,A,home_improvement,261,3.8314176245210727
2015-03-01,A,major_purchase,77,3.896103896103896
2015-03-01,A,other,77,3.896103896103896
2015-03-01,B,car,60,5.0
2015-03-01,B,credit_card,1998,12.762762762762764
2015-03-01,B,debt_consolidation,3979,11.384770042724304
2015-03-01,B,home_improvement,379,10.29023746701847
2015-03-01,B,major_purchase,128,10.9375
2015-03-01,B,medical,53,11.320754716981133
2015-03-01,B,other,236,10.16949152542373
2015-03-01,C,car,61,24.59016393442623
2015-03-01,C,credit_card,1512,21.164021164021165
2015-03-01,C,debt_consolidation,4613,20.18209408194234
2015-03-01,C,home_improvement,425,19.52941176470588
2015-03-01,C,major_purchase,117,20.51282051282051
2015-03-01,C,medical,73,32.87671232876712
2015-03-01,C,moving,48,22.916666666666664
2015-03-01,C,other,394,16.49746192893401
2015-03-01,C,small_business,65,24.615384615384617
2015-03-01,C,vacation,55,18.181818181818183
2015-03-01,D,credit_card,591,30.456852791878177
2015-03-01,D,debt_consolidation,2621,29.835940480732543
2015-03-01,D,home_improvement,239,25.94142259414226
2015-03-01,D,major_purchase,65,24.615384615384617
2015-03-01,D,medical,55,32.72727272727273
2015-03-01,D,moving,39,20.51282051282051
2015-03-01,D,other,260,20.0
2015-03-01,D,small_business,59,28.8135593220339
2015-03-01,E,credit_card,223,31.838565022421523
2015-03-01,E,debt_consolidation,1478,36.129905277401896
2015-03-01,E,home_improvement,131,22.137404580152673
2015-03-01,E,other,148,32.432432432432435
2015-03-01,E,small_business,48,27.083333333333332
2015-03-01,F,credit_card,44,43.18181818181818
2015-03-01,F,debt_consolidation,424,45.28301886792453
2015-03-01,F,home_improvement,38,36.84210526315789
2015-03-01,F,other,30,46.666666666666664
2015-03-01,G,debt_consolidation,82,39.02439024390244
2015-04-01,A,car,72,5.555555555555555
2015-04-01,A,credit_card,2171,6.310456011054813
2015-04-01,A,debt_consolidation,3198,6.035021888680426
2015-04-01,A,home_improvement,439,5.239179954441914
2015-04-01,A,major_purchase,120,7.5
2015-04-01,A,other,123,6.504065040650407
2015-04-01,B,car,76,13.157894736842104
2015-04-01,B,credit_card,2586,12.37432327919567
2015-04-01,B,debt_consolidation,5462,12.486268766019773
2015-04-01,B,home_improvement,606,11.221122112211221
2015-04-01,B,major_purchase,156,11.538461538461538
2015-04-01,B,medical,69,10.144927536231885
2015-04-01,B,other,317,10.094637223974763
2015-04-01,B,vacation,43,13.953488372093023
2015-04-01,C,car,85,20.0
2015-04-01,C,credit_card,1998,22.07207207207207
2015-04-01,C,debt_consolidation,6317,19.53458920373595
2015-04-01,C,home_improvement,618,18.284789644012946
2015-04-01,C,major_purchase,162,14.19753086419753
2015-04-01,C,medical,116,18.96551724137931
2015-04-01,C,moving,82,18.29268292682927
2015-04-01,C,other,572,15.734265734265735
2015-04-01,C,small_business,63,20.634920634920633
2015-04-01,C,vacation,64,18.75
2015-04-01,D,car,43,25.581395348837212
2015-04-01,D,credit_card,759,28.19499341238472
2015-04-01,D,debt_consolidation,3674,27.925966249319544
2015-04-01,D,home_improvement,329,27.0516717325228
2015-04-01,D,house,35,14.285714285714285
2015-04-01,D,major_purchase,92,31.521739130434785
2015-04-01,D,medical,52,26.923076923076923
2015-04-01,D,moving,73,30.136986301369863
2015-04-01,D,other,369,22.22222222222222
2015-04-01,D,small_business,80,27.500000000000004
2015-04-01,D,vacation,48,16.666666666666664
2015-04-01,E,credit_card,321,38.31775700934579
2015-04-01,E,debt_consolidation,2176,32.44485294117647
2015-04-01,E,home_improvement,225,30.666666666666664
2015-04-01,E,major_purchase,60,23.333333333333332
2015-04-01,E,medical,33,21.21212121212121
2015-04-01,E,other,184,30.978260869565215
2015-04-01,E,small_business,77,27.27272727272727
2015-04-01,F,credit_card,56,39.285714285714285
2015-04-01,F,debt_consolidation,581,44.23407917383821
2015-04-01,F,home_improvement,71,28.169014084507044
2015-04-01,F,other,67,37.3134328358209
2015-04-01,G,debt_consolidation,112,53.57142857142857
2015-05-01,A,car,50,0.0
2015-05-01,A,credit_card,2314,5.358686257562662
2015-05-01,A,debt_consolidation,3002,5.7295136575616255
2015-05-01,A,home_improvement,356,6.741573033707865
2015-05-01,A,major_purchase,90,5.555555555555555
2015-05-01,A,other,80,3.75
2015-05-01,B,car,60,10.0
2015-05-01,B,credit_card,2293,12.734409071085913
2015-05-01,B,debt_consolidation,4777,13.12539250575675
2015-05-01,B,home_improvement,481,11.85031185031185
2015-05-01,B,major_purchase,138,10.144927536231885
2015-05-01,B,medical,70,12.857142857142856
2015-05-01,B,other,234,11.11111111111111
2015-05-01,B,vacation,41,19.51219512195122
2015-05-01,C,car,78,12.82051282051282
2015-05-01,C,credit_card,1706,20.691676436107855
2015-05-01,C,debt_consolidation,5817,19.06481003953928
2015-05-01,C,home_improvement,548,16.970802919708028
2015-05-01,C,house,31,16.129032258064516
2015-05-01,C,major_purchase,144,18.75
2015-05-01,C,medical,95,27.368421052631582
2015-05-01,C,moving,60,6.666666666666667
2015-05-01,C,other,415,18.795180722891565
2015-05-01,C,vacation,73,13.698630136986301
2015-05-01,D,credit_card,636,33.17610062893082
2015-05-01,D,debt_consolidation,3301,27.082702211451075
2015-05-01,D,home_improvement,261,27.969348659003828
2015-05-01,D,house,34,20.588235294117645
2015-05-01,D,major_purchase,87,31.03448275862069
2015-05-01,D,medical,57,21.052631578947366
2015-05-01,D,moving,61,26.229508196721312
2015-05-01,D,other,281,30.604982206405694
2015-05-01,D,small_business,74,22.972972972972975
2015-05-01,D,vacation,42,30.952380952380953
2015-05-01,E,credit_card,333,33.933933933933936
2015-05-01,E,debt_consolidation,2008,33.764940239043824
2015-05-01,E,home_improvement,184,34.23913043478261
2015-05-01,E,house,33,18.181818181818183
2015-05-01,E,major_purchase,35,34.285714285714285
2015-05-01,E,medical,30,26.666666666666668
2015-05-01,E,moving,32,25.0
2015-05-01,E,other,174,36.206896551724135
2015-05-01,E,small_business,47,25.53191489361702
2015-05-01,F,credit_card,59,40.67796610169492
2015-05-01,F,debt_consolidation,624,43.58974358974359
2015-05-01,F,home_improvement,56,41.07142857142857
2015-05-01,F,other,56,48.214285714285715
2015-05-01,G,debt_consolidation,125,45.6
2015-06-01,A,car,64,7.8125
2015-06-01,A,credit_card,1895,5.171503957783641
2015-06-01,A,debt_consolidation,2584,6.424148606811146
2015-06-01,A,home_improvement,324,4.62962962962963
2015-06-01,A,major_purchase,87,5.747126436781609
2015-06-01,A,other,76,3.9473684210526314
2015-06-01,B,car,72,11.11111111111111
2015-06-01,B,credit_card,2087,12.2184954480115
2015-06-01,B,debt_consolidation,4294,12.133209129017233
2015-06-01,B,home_improvement,481,9.771309771309772
2015-06-01,B,major_purchase,126,14.285714285714285
2015-06-01,B,medical,44,6.8181818181818175
2015-06-01,B,other,208,11.057692307692307
2015-06-01,B,vacation,35,5.714285714285714
2015-06-01,C,car,65,7.6923076923076925
2015-06-01,C,credit_card,1554,19.626769626769626
2015-06-01,C,debt_consolidation,5165,19.864472410454987
2015-06-01,C,home_improvement,436,14.678899082568808
2015-06-01,C,major_purchase,129,18.6046511627907
2015-06-01,C,medical,75,20.0
2015-06-01,C,moving,66,18.181818181818183
2015-06-01,C,other,391,19.18158567774936
2015-06-01,C,small_business,65,15.384615384615385
2015-06-01,C,vacation,67,17.91044776119403
2015-06-01,D,credit_card,578,26.81660899653979
2015-06-01,D,debt_consolidation,2928,28.722677595628415
2015-06-01,D,home_improvement,244,20.491803278688526
2015-06-01,D,major_purchase,65,32.30769230769231
2015-06-01,D,medical,42,14.285714285714285
2015-06-01,D,moving,60,35.0
2015-06-01,D,other,294,26.53061224489796
2015-06-01,D,small_business,52,36.53846153846153
2015-06-01,D,vacation,38,18.421052631578945
2015-06-01,E,credit_card,292,36.986301369863014
2015-06-01,E,debt_consolidation,1834,35.986913849509264
2015-06-01,E,home_improvement,168,29.761904761904763
2015-06-01,E,major_purchase,52,36.53846153846153
2015-06-01,E,moving,32,28.125
2015-06-01,E,other,160,36.875
2015-06-01,E,small_business,54,29.629629629629626
2015-06-01,F,credit_card,66,39.39393939393939
2015-06-01,F,debt_consolidation,559,42.039355992844364
2015-06-01,F,home_improvement,59,49.152542372881356
2015-06-01,F,other,55,45.45454545454545
2015-06-01,G,debt_consolidation,91,49.45054945054945
2015-07-01,A,car,93,4.301075268817205
2015-07-01,A,credit_card,2996,4.873164218958611
2015-07-01,A,debt_consolidation,3708,5.151024811218987
2015-07-01,A,home_improvement,568,4.753521126760563
2015-07-01,A,major_purchase,146,5.47945205479452
2015-07-01,A,medical,32,3.125
2015-07-01,A,other,127,1.574803149606299
2015-07-01,B,car,134,9.701492537313433
2015-07-01,B,credit_card,3844,11.966701352757545
2015-07-01,B,debt_consolidation,6845,11.541271000730461
2015-07-01,B,home_improvement,788,12.944162436548224
2015-07-01,B,major_purchase,207,14.492753623188406
2015-07-01,B,medical,99,9.090909090909092
2015-07-01,B,moving,44,6.8181818181818175
2015-07-01,B,other,370,7.027027027027027
2015-07-01,B,vacation,72,13.88888888888889
2015-07-01,C,car,111,18.01801801801802
2015-07-01,C,credit_card,2838,19.45031712473573
2015-07-01,C,debt_consolidation,8187,19.885183828020033
2015-07-01,C,home_improvement,745,19.06040268456376
2015-07-01,C,house,39,17.94871794871795
2015-07-01,C,major_purchase,232,18.53448275862069
2015-07-01,C,medical,150,16.0
2015-07-01,C,moving,121,16.528925619834713
2015-07-01,C,other,663,18.250377073906485
2015-07-01,C,small_business,70,14.285714285714285
2015-07-01,C,vacation,140,12.857142857142856
2015-07-01,D,car,39,33.33333333333333
2015-07-01,D,credit_card,1024,29.8828125
2015-07-01,D,debt_consolidation,4595,27.18171926006529
2015-07-01,D,home_improvement,387,19.12144702842377
2015-07-01,D,house,44,18.181818181818183
2015-07-01,D,major_purchase,101,25.742574257425744
2015-07-01,D,medical,92,21.73913043478261
2015-07-01,D,moving,94,24.46808510638298
2015-07-01,D,other,447,26.845637583892618
2015-07-01,D,small_business,93,20.43010752688172
2015-07-01,D,vacation,76,23.684210526315788
2015-07-01,E,credit_card,460,35.0
2015-07-01,E,debt_consolidation,2830,34.55830388692579
2015-07-01,E,home_improvement,252,34.523809523809526
2015-07-01,E,house,39,12.82051282051282
2015-07-01,E,major_purchase,56,33.92857142857143
2015-07-01,E,medical,42,38.095238095238095
2015-07-01,E,moving,39,38.46153846153847
2015-07-01,E,other,243,27.160493827160494
2015-07-01,E,small_business,61,29.508196721311474
2015-07-01,F,credit_card,89,46.06741573033708
2015-07-01,F,debt_consolidation,819,44.2002442002442
2015-07-01,F,home_improvement,98,39.795918367346935
2015-07-01,F,other,92,46.73913043478261
2015-07-01,G,debt_consolidation,151,45.033112582781456
2015-08-01,A,car,51,3.9215686274509802
2015-08-01,A,credit_card,2443,5.5259926320098245
2015-08-01,A,debt_consolidation,2880,5.520833333333333
2015-08-01,A,home_improvement,380,3.421052631578948
2015-08-01,A,major_purchase,118,7.627118644067797
2015-08-01,A,medical,30,16.666666666666664
2015-08-01,A,other,96,5.208333333333334
2015-08-01,B,car,87,11.494252873563218
2015-08-01,B,credit_card,3278,11.439902379499694
2015-08-01,B,debt_consolidation,5627,9.987559978674248
2015-08-01,B,home_improvement,586,10.580204778156997
2015-08-01,B,major_purchase,214,12.149532710280374
2015-08-01,B,medical,76,7.894736842105263
2015-08-01,B,other,305,10.491803278688524
2015-08-01,B,vacation,43,9.30232558139535
2015-08-01,C,car,73,16.43835616438356
2015-08-01,C,credit_card,2246,20.035618878005344
2015-08-01,C,debt_consolidation,6168,18.56355382619974
2015-08-01,C,home_improvement,606,18.316831683168317
2015-08-01,C,house,31,6.451612903225806
2015-08-01,C,major_purchase,178,19.662921348314608
2015-08-01,C,medical,110,15.454545454545453
2015-08-01,C,moving,64,14.0625
2015-08-01,C,other,527,17.836812144212523
2015-08-01,C,small_business,64,14.0625
2015-08-01,C,vacation,68,19.11764705882353
2015-08-01,D,car,37,21.62162162162162
2015-08-01,D,credit_card,838,28.997613365155132
2015-08-01,D,debt_consolidation,3357,28.358653559725944
2015-08-01,D,home_improvement,299,22.40802675585284
2015-08-01,D,house,30,30.0
2015-08-01,D,major_purchase,81,27.160493827160494
2015-08-01,D,medical,57,38.59649122807017
2015-08-01,D,moving,60,23.333333333333332
2015-08-01,D,other,371,23.450134770889488
2015-08-01,D,small_business,79,18.9873417721519
2015-08-01,D,vacation,56,23.214285714285715
2015-08-01,E,credit_card,371,38.00539083557952
2015-08-01,E,debt_consolidation,2103,36.66191155492154
2015-08-01,E,home_improvement,196,26.53061224489796
2015-08-01,E,major_purchase,63,33.33333333333333
2015-08-01,E,medical,36,33.33333333333333
2015-08-01,E,moving,35,25.71428571428571
2015-08-01,E,other,188,29.78723404255319
2015-08-01,E,small_business,60,41.66666666666667
2015-08-01,F,credit_card,56,55.35714285714286
2015-08-01,F,debt_consolidation,574,42.508710801393725
2015-08-01,F,home_improvement,73,42.465753424657535
2015-08-01,F,other,72,36.11111111111111
2015-08-01,F,small_business,32,46.875
2015-08-01,G,debt_consolidation,112,48.214285714285715
2015-09-01,A,car,49,2.0408163265306123
2015-09-01,A,credit_card,1792,4.520089285714286
2015-09-01,A,debt_consolidation,2388,4.941373534338359
2015-09-01,A,home_improvement,371,4.5822102425876015
2015-09-01,A,major_purchase,136,4.411764705882353
2015-09-01,A,other,103,5.825242718446602
2015-09-01,B,car,67,10.44776119402985
2015-09-01,B,credit_card,2424,11.922442244224422
2015-09-01,B,debt_consolidation,4364,11.801099908340971
2015-09-01,B,home_improvement,563,12.078152753108348
2015-09-01,B,major_purchase,133,9.022556390977442
2015-09-01,B,medical,57,10.526315789473683
2015-09-01,B,other,244,13.934426229508196
2015-09-01,C,car,62,24.193548387096776
2015-09-01,C,credit_card,1800,20.11111111111111
2015-09-01,C,debt_consolidation,4744,20.299325463743674
2015-09-01,C,home_improvement,520,19.615384615384617
2015-09-01,C,major_purchase,138,18.115942028985508
2015-09-01,C,medical,97,20.618556701030926
2015-09-01,C,moving,69,21.73913043478261
2015-09-01,C,other,448,17.410714285714285
2015-09-01,C,small_business,53,24.528301886792452
2015-09-01,C,vacation,60,13.333333333333334
2015-09-01,D,credit_card,710,28.732394366197184
2015-09-01,D,debt_consolidation,2776,26.476945244956774
2015-09-01,D,home_improvement,223,19.282511210762333
2015-09-01,D,major_purchase,71,30.985915492957744
2015-09-01,D,medical,61,19.672131147540984
2015-09-01,D,moving,51,29.411764705882355
2015-09-01,D,other,283,22.968197879858657
2015-09-01,D,small_business,64,18.75
2015-09-01,D,vacation,32,34.375
2015-09-01,E,credit_card,342,38.88888888888889
2015-09-01,E,debt_consolidation,1777,33.258300506471585
2015-09-01,E,home_improvement,149,26.845637583892618
2015-09-01,E,major_purchase,38,39.473684210526315
2015-09-01,E,medical,32,34.375
2015-09-01,E,other,157,27.388535031847134
2015-09-01,E,small_business,63,34.92063492063492
2015-09-01,F,credit_card,46,32.608695652173914
2015-09-01,F,debt_consolidation,481,46.98544698544699
2015-09-01,F,home_improvement,45,44.44444444444444
2015-09-01,F,other,60,41.66666666666667
2015-09-01,G,debt_consolidation,81,51.85185185185185
2015-10-01,A,car,108,3.7037037037037033
2015-10-01,A,credit_card,3285,5.6316590563165905
2015-10-01,A,debt_consolidation,4239,5.119131870724227
2015-10-01,A,home_improvement,675,5.185185185185185
2015-10-01,A,major_purchase,189,3.1746031746031744
2015-10-01,A,medical,53,3.7735849056603774
2015-10-01,A,other,164,3.048780487804878
2015-10-01,B,car,148,6.756756756756757
2015-10-01,B,credit_card,4555,10.976948408342482
2015-10-01,B,debt_consolidation,8031,11.654837504669405
2015-10-01,B,home_improvement,928,11.422413793103448
2015-10-01,B,major_purchase,226,7.964601769911504
2015-10-01,B,medical,124,8.064516129032258
2015-10-01,B,moving,42,14.285714285714285
2015-10-01,B,other,526,10.456273764258556
2015-10-01,B,small_business,45,4.444444444444445
2015-10-01,B,vacation,44,6.8181818181818175
2015-10-01,C,car,111,11.711711711711711
2015-10-01,C,credit_card,3028,18.59313077939234
2015-10-01,C,debt_consolidation,8380,19.737470167064437
2015-10-01,C,home_improvement,839,16.924910607866508
2015-10-01,C,house,45,20.0
2015-10-01,C,major_purchase,252,20.634920634920633
2015-10-01,C,medical,171,18.128654970760234
2015-10-01,C,moving,89,11.235955056179774
2015-10-01,C,other,747,18.340026773761714
2015-10-01,C,small_business,104,16.346153846153847
2015-10-01,C,vacation,102,17.647058823529413
2015-10-01,D,car,34,38.23529411764706
2015-10-01,D,credit_card,1056,28.97727272727273
2015-10-01,D,debt_consolidation,4158,26.334776334776333
2015-10-01,D,home_improvement,419,25.059665871121716
2015-10-01,D,house,37,27.027027027027028
2015-10-01,D,major_purchase,103,22.330097087378643
2015-10-01,D,medical,112,28.57142857142857
2015-10-01,D,moving,65,24.615384615384617
2015-10-01,D,other,479,24.008350730688935
2015-10-01,D,small_business,102,29.411764705882355
2015-10-01,D,vacation,42,14.285714285714285
2015-10-01,E,credit_card,404,33.910891089108915
2015-10-01,E,debt_consolidation,2439,33.82533825338253
2015-10-01,E,home_improvement,209,23.444976076555022
2015-10-01,E,major_purchase,73,36.986301369863014
2015-10-01,E,medical,43,27.906976744186046
2015-10-01,E,other,216,34.25925925925926
2015-10-01,E,small_business,68,35.294117647058826
2015-10-01,F,credit_card,66,50.0
2015-10-01,F,debt_consolidation,656,42.68292682926829
2015-10-01,F,home_improvement,62,38.70967741935484
2015-10-01,F,other,61,34.42622950819672
2015-10-01,G,debt_consolidation,141,52.4822695035461
2015-11-01,A,car,71,4.225352112676056
2015-11-01,A,credit_card,2505,5.30938123752495
2015-11-01,A,debt_consolidation,3084,5.382619974059663
2015-11-01,A,home_improvement,502,6.573705179282868
2015-11-01,A,major_purchase,134,7.462686567164178
2015-11-01,A,medical,34,0.0
2015-11-01,A,other,153,5.228758169934641
2015-11-01,B,car,99,9.090909090909092
2015-11-01,B,credit_card,3529,11.079625956361577
2015-11-01,B,debt_consolidation,6299,12.09715827909192
2015-11-01,B,home_improvement,782,11.508951406649617
2015-11-01,B,major_purchase,221,10.85972850678733
2015-11-01,B,medical,108,11.11111111111111
2015-11-01,B,moving,45,13.333333333333334
2015-11-01,B,other,472,12.076271186440678
2015-11-01,B,vacation,53,13.20754716981132
2015-11-01,C,car,83,20.481927710843372
2015-11-01,C,credit_card,2356,19.482173174872667
2015-11-01,C,debt_consolidation,6563,20.874600030473868
2015-11-01,C,home_improvement,677,19.64549483013294
2015-11-01,C,major_purchase,235,12.76595744680851
2015-11-01,C,medical,147,17.006802721088434
2015-11-01,C,moving,80,23.75
2015-11-01,C,other,728,18.269230769230766
2015-11-01,C,small_business,121,21.487603305785125
2015-11-01,C,vacation,65,20.0
2015-11-01,D,car,35,28.57142857142857
2015-11-01,D,credit_card,731,27.49658002735978
2015-11-01,D,debt_consolidation,3139,28.098120420516086
2015-11-01,D,home_improvement,302,26.490066225165563
2015-11-01,D,major_purchase,88,29.545454545454547
2015-11-01,D,medical,69,37.68115942028986
2015-11-01,D,moving,55,23.636363636363637
2015-11-01,D,other,317,23.34384858044164
2015-11-01,D,small_business,67,31.343283582089555
2015-11-01,D,vacation,32,12.5
2015-11-01,E,credit_card,284,33.098591549295776
2015-11-01,E,debt_consolidation,1779,35.413153456998316
2015-11-01,E,home_improvement,187,27.807486631016044
2015-11-01,E,major_purchase,48,39.58333333333333
2015-11-01,E,medical,31,38.70967741935484
2015-11-01,E,other,169,36.68639053254438
2015-11-01,E,small_business,48,35.41666666666667
2015-11-01,F,credit_card,58,39.6551724137931
2015-11-01,F,debt_consolidation,429,40.55944055944056
2015-11-01,F,home_improvement,54,42.592592592592595
2015-11-01,F,other,50,42.0
2015-11-01,G,debt_consolidation,94,47.87234042553192
2015-12-01,A,car,73,1.36986301369863
2015-12-01,A,credit_card,2897,4.832585433206766
2015-12-01,A,debt_consolidation,3610,5.540166204986149
2015-12-01,A,home_improvement,576,4.6875
2015-12-01,A,major_purchase,193,6.7357512953367875
2015-12-01,A,medical,42,0.0
2015-12-01,A,other,184,5.434782608695652
2015-12-01,B,car,135,8.88888888888889
2015-12-01,B,credit_card,4098,13.250366032210833
2015-12-01,B,debt_consolidation,7153,12.819795889836433
2015-12-01,B,home_improvement,786,12.849872773536896
2015-12-01,B,major_purchase,278,12.23021582733813
2015-12-01,B,medical,126,13.492063492063492
2015-12-01,B,moving,46,8.695652173913043
2015-12-01,B,other,611,9.165302782324058
2015-12-01,B,small_business,48,16.666666666666664
2015-12-01,B,vacation,62,12.903225806451612
2015-12-01,C,car,111,16.216216216216218
2015-12-01,C,credit_card,2798,20.335954253037883
2015-12-01,C,debt_consolidation,7525,20.372093023255815
2015-12-01,C,home_improvement,692,21.965317919075144
2015-12-01,C,house,50,8.0
2015-12-01,C,major_purchase,245,20.816326530612244
2015-12-01,C,medical,208,18.75
2015-12-01,C,moving,94,15.957446808510639
2015-12-01,C,other,940,15.53191489361702
2015-12-01,C,small_business,160,20.0
2015-12-01,C,vacation,107,19.626168224299064
2015-12-01,D,car,49,24.489795918367346
2015-12-01,D,credit_card,927,28.694714131607334
2015-12-01,D,debt_consolidation,3895,30.860077021822853
2015-12-01,D,home_improvement,361,23.545706371191137
2015-12-01,D,house,44,36.36363636363637
2015-12-01,D,major_purchase,114,31.57894736842105
2015-12-01,D,medical,88,39.77272727272727
2015-12-01,D,moving,61,26.229508196721312
2015-12-01,D,other,468,24.145299145299145
2015-12-01,D,small_business,103,27.184466019417474
2015-12-01,D,vacation,40,32.5
2015-12-01,E,credit_card,349,34.67048710601719
2015-12-01,E,debt_consolidation,2122,36.19227144203582
2015-12-01,E,home_improvement,162,27.77777777777778
2015-12-01,E,house,34,38.23529411764706
2015-12-01,E,major_purchase,70,42.857142857142854
2015-12-01,E,medical,34,35.294117647058826
2015-12-01,E,moving,35,42.857142857142854
2015-12-01,E,other,216,35.18518518518518
2015-12-01,E,small_business,92,41.30434782608695
2015-12-01,F,credit_card,80,45.0
2015-12-01,F,debt_consolidation,622,45.98070739549839
2015-12-01,F,home_improvement,48,31.25
2015-12-01,F,other,61,45.90163934426229
2015-12-01,F,small_business,43,37.2093023255814
2015-12-01,G,debt_consolidation,133,49.62406015037594
2016-01-01,A,car,79,3.79746835443038
2016-01-01,A,credit_card,2290,5.545851528384279
2016-01-01,A,debt_consolidation,3000,5.933333333333334
2016-01-01,A,home_improvement,394,3.807106598984772
2016-01-01,A,major_purchase,151,5.298013245033113
2016-01-01,A,medical,47,8.51063829787234
2016-01-01,A,other,211,3.7914691943127963
2016-01-01,B,car,100,10.0
2016-01-01,B,credit_card,3055,11.423895253682488
2016-01-01,B,debt_consolidation,5500,10.418181818181818
2016-01-01,B,home_improvement,595,10.084033613445378
2016-01-01,B,major_purchase,191,9.947643979057592
2016-01-01,B,medical,110,9.090909090909092
2016-01-01,B,moving,54,16.666666666666664
2016-01-01,B,other,456,11.18421052631579
2016-01-01,B,small_business,55,12.727272727272727
2016-01-01,B,vacation,42,9.523809523809524
2016-01-01,C,car,77,11.688311688311687
2016-01-01,C,credit_card,1877,20.458177943526902
2016-01-01,C,debt_consolidation,5216,19.075920245398773
2016-01-01,C,home_improvement,474,17.72151898734177
2016-01-01,C,house,32,21.875
2016-01-01,C,major_purchase,145,19.310344827586206
2016-01-01,C,medical,118,18.64406779661017
2016-01-01,C,moving,56,23.214285714285715
2016-01-01,C,other,501,18.962075848303392
2016-01-01,C,small_business,84,19.047619047619047
2016-01-01,C,vacation,61,19.672131147540984
2016-01-01,D,credit_card,656,25.152439024390244
2016-01-01,D,debt_consolidation,2397,28.368794326241137
2016-01-01,D,home_improvement,223,29.14798206278027
2016-01-01,D,major_purchase,70,28.57142857142857
2016-01-01,D,medical,50,28.000000000000004
2016-01-01,D,other,240,27.500000000000004
2016-01-01,D,small_business,65,21.53846153846154
2016-01-01,D,vacation,33,30.303030303030305
2016-01-01,E,credit_card,349,38.68194842406877
2016-01-01,E,debt_consolidation,1664,35.21634615384615
2016-01-01,E,home_improvement,131,25.190839694656486
2016-01-01,E,major_purchase,49,30.612244897959183
2016-01-01,E,other,140,22.857142857142858
2016-01-01,E,small_business,55,49.09090909090909
2016-01-01,F,credit_card,56,44.642857142857146
2016-01-01,F,debt_consolidation,599,45.24207011686144
2016-01-01,F,home_improvement,45,37.77777777777778
2016-01-01,F,other,53,41.509433962264154
2016-01-01,F,small_business,30,16.666666666666664
2016-01-01,G,debt_consolidation,113,45.13274336283185
2016-02-01,A,car,93,6.451612903225806
2016-02-01,A,credit_card,2396,5.550918196994992
2016-02-01,A,debt_consolidation,3448,5.278422273781903
2016-02-01,A,home_improvement,536,3.544776119402985
2016-02-01,A,major_purchase,193,6.7357512953367875
2016-02-01,A,medical,66,7.575757575757576
2016-02-01,A,other,218,6.8807339449541285
2016-02-01,A,vacation,32,15.625
2016-02-01,B,car,125,15.2
2016-02-01,B,credit_card,3718,11.000537923614846
2016-02-01,B,debt_consolidation,6927,11.924353977190703
2016-02-01,B,home_improvement,734,12.26158038147139
2016-02-01,B,house,32,18.75
2016-02-01,B,major_purchase,241,12.863070539419086
2016-02-01,B,medical,126,15.873015873015872
2016-02-01,B,moving,48,10.416666666666668
2016-02-01,B,other,557,12.028725314183124
2016-02-01,B,small_business,67,10.44776119402985
2016-02-01,B,vacation,63,11.11111111111111
2016-02-01,C,car,106,13.20754716981132
2016-02-01,C,credit_card,2420,18.34710743801653
2016-02-01,C,debt_consolidation,6883,18.8289989830016
2016-02-01,C,home_improvement,651,17.20430107526882
2016-02-01,C,house,41,21.951219512195124
2016-02-01,C,major_purchase,238,20.168067226890756
2016-02-01,C,medical,140,22.142857142857142
2016-02-01,C,moving,76,18.421052631578945
2016-02-01,C,other,605,17.85123966942149
2016-02-01,C,small_business,126,23.809523809523807
2016-02-01,C,vacation,62,16.129032258064516
2016-02-01,D,car,45,22.22222222222222
2016-02-01,D,credit_card,738,27.91327913279133
2016-02-01,D,debt_consolidation,2921,28.551865799383773
2016-02-01,D,home_improvement,285,25.263157894736842
2016-02-01,D,major_purchase,79,25.31645569620253
2016-02-01,D,medical,64,34.375
2016-02-01,D,moving,41,26.82926829268293
2016-02-01,D,other,292,22.945205479452056
2016-02-01,D,small_business,70,27.142857142857142
2016-02-01,E,credit_card,354,32.7683615819209
2016-02-01,E,debt_consolidation,1742,34.50057405281286
2016-02-01,E,home_improvement,149,28.187919463087248
2016-02-01,E,house,32,37.5
2016-02-01,E,major_purchase,54,33.33333333333333
2016-02-01,E,other,183,38.25136612021858
2016-02-01,E,small_business,59,37.28813559322034
2016-02-01,F,credit_card,101,45.54455445544555
2016-02-01,F,debt_consolidation,680,45.44117647058823
2016-02-01,F,home_improvement,54,37.03703703703704
2016-02-01,F,other,63,46.03174603174603
2016-02-01,G,debt_consolidation,171,46.198830409356724
2016-02-01,G,other,30,40.0
2016-03-01,A,car,183,4.371584699453552
2016-03-01,A,credit_card,4125,4.654545454545454
2016-03-01,A,debt_consolidation,6489,5.162582832485745
2016-03-01,A,home_improvement,1135,3.9647577092511015
2016-03-01,A,house,30,0.0
2016-03-01,A,major_purchase,405,5.185185185185185
2016-03-01,A,medical,95,6.315789473684211
2016-03-01,A,moving,36,11.11111111111111
2016-03-01,A,other,576,5.208333333333334
2016-03-01,A,small_business,71,7.042253521126761
2016-03-01,A,vacation,52,17.307692307692307
2016-03-01,B,car,176,7.954545454545454
2016-03-01,B,credit_card,4595,12.143634385201306
2016-03-01,B,debt_consolidation,9682,12.104936996488329
2016-03-01,B,home_improvement,1182,10.236886632825719
2016-03-01,B,house,45,17.77777777777778
2016-03-01,B,major_purchase,381,13.385826771653544
2016-03-01,B,medical,193,16.580310880829018
2016-03-01,B,moving,71,14.084507042253522
2016-03-01,B,other,867,11.534025374855824
2016-03-01,B,small_business,148,11.486486486486488
2016-03-01,B,vacation,102,22.54901960784314
2016-03-01,C,car,136,15.441176470588236
2016-03-01,C,credit_card,3407,20.48723216906369
2016-03-01,C,debt_consolidation,9997,20.056016805041512
2016-03-01,C,home_improvement,1112,19.514388489208635
2016-03-01,C,house,64,20.3125
2016-03-01,C,major_purchase,370,15.135135135135137
2016-03-01,C,medical,200,23.5
2016-03-01,C,moving,118,21.1864406779661
2016-03-01,C,other,1037,18.611378977820635
2016-03-01,C,small_business,183,16.939890710382514
2016-03-01,C,vacation,141,23.404255319148938
2016-03-01,D,car,77,19.480519480519483
2016-03-01,D,credit_card,1252,27.95527156549521
2016-03-01,D,debt_consolidation,4935,27.537993920972642
2016-03-01,D,home_improvement,543,25.04604051565378
2016-03-01,D,house,53,16.9811320754717
2016-03-01,D,major_purchase,186,25.806451612903224
2016-03-01,D,medical,111,27.027027027027028
2016-03-01,D,moving,73,28.767123287671232
2016-03-01,D,other,605,20.49586776859504
2016-03-01,D,small_business,140,27.857142857142858
2016-03-01,D,vacation,60,30.0
2016-03-01,E,car,39,20.51282051282051
2016-03-01,E,credit_card,557,36.983842010771994
2016-03-01,E,debt_consolidation,2910,33.298969072164944
2016-03-01,E,home_improvement,261,29.50191570881226
2016-03-01,E,house,35,20.0
2016-03-01,E,major_purchase,88,32.95454545454545
2016-03-01,E,medical,54,33.33333333333333
2016-03-01,E,moving,37,37.83783783783784
2016-03-01,E,other,314,31.528662420382165
2016-03-01,E,small_business,89,42.69662921348314
2016-03-01,F,credit_card,173,38.72832369942196
2016-03-01,F,debt_consolidation,1129,40.30115146147033
2016-03-01,F,home_improvement,106,33.9622641509434
2016-03-01,F,major_purchase,32,50.0
2016-03-01,F,other,123,30.89430894308943
2016-03-01,F,small_business,52,48.07692307692308
2016-03-01,G,debt_consolidation,284,51.056338028169016
2016-03-01,G,other,39,46.15384615384615
2016-04-01,A,car,115,7.82608695652174
2016-04-01,A,credit_card,2346,5.4134697357203745
2016-04-01,A,debt_consolidation,3883,5.845995364408962
2016-04-01,A,home_improvement,790,4.936708860759493
2016-04-01,A,major_purchase,237,4.219409282700422
2016-04-01,A,medical,70,10.0
2016-04-01,A,other,459,4.57516339869281
2016-04-01,A,small_business,43,18.6046511627907
2016-04-01,A,vacation,33,6.0606060606060606
2016-04-01,B,car,122,11.475409836065573
2016-04-01,B,credit_card,2466,12.652068126520682
2016-04-01,B,debt_consolidation,5275,12.549763033175356
2016-04-01,B,home_improvement,693,10.822510822510822
2016-04-01,B,house,30,33.33333333333333
2016-04-01,B,major_purchase,231,14.285714285714285
2016-04-01,B,medical,95,10.526315789473683
2016-04-01,B,moving,56,23.214285714285715
2016-04-01,B,other,612,7.6797385620915035
2016-04-01,B,small_business,66,7.575757575757576
2016-04-01,B,vacation,68,8.823529411764707
2016-04-01,C,car,89,23.595505617977526
2016-04-01,C,credit_card,1970,18.527918781725887
2016-04-01,C,debt_consolidation,6060,20.0
2016-04-01,C,home_improvement,713,15.147265077138849
2016-04-01,C,house,46,21.73913043478261
2016-04-01,C,major_purchase,250,19.6
2016-04-01,C,medical,147,19.047619047619047
2016-04-01,C,moving,92,20.652173913043477
2016-04-01,C,other,840,16.666666666666664
2016-04-01,C,small_business,125,20.8
2016-04-01,C,vacation,102,21.568627450980394
2016-04-01,D,car,45,28.888888888888886
2016-04-01,D,credit_card,723,27.93914246196404
2016-04-01,D,debt_consolidation,3039,27.80519907864429
2016-04-01,D,home_improvement,330,22.12121212121212
2016-04-01,D,house,37,13.513513513513514
2016-04-01,D,major_purchase,117,24.786324786324787
2016-04-01,D,medical,70,28.57142857142857
2016-04-01,D,moving,64,23.4375
2016-04-01,D,other,422,25.59241706161137
2016-04-01,D,small_business,89,32.58426966292135
2016-04-01,D,vacation,47,17.02127659574468
2016-04-01,E,credit_card,264,29.545454545454547
2016-04-01,E,debt_consolidation,1376,33.13953488372093
2016-04-01,E,home_improvement,138,25.36231884057971
2016-04-01,E,major_purchase,45,40.0
2016-04-01,E,medical,30,36.666666666666664
2016-04-01,E,other,188,36.17021276595745
2016-04-01,E,small_business,43,34.883720930232556
2016-04-01,F,credit_card,70,41.42857142857143
2016-04-01,F,debt_consolidation,521,42.034548944337814
2016-04-01,F,home_improvement,46,34.78260869565217
2016-04-01,F,other,55,38.18181818181819
2016-04-01,G,debt_consolidation,210,50.95238095238095
2016-05-01,A,car,81,3.7037037037037033
2016-05-01,A,credit_card,1566,5.172413793103448
2016-05-01,A,debt_consolidation,2981,5.736330090573634
2016-05-01,A,home_improvement,617,4.376012965964344
2016-05-01,A,major_purchase,186,4.838709677419355
2016-05-01,A,medical,46,6.521739130434782
2016-05-01,A,other,249,2.4096385542168677
2016-05-01,A,small_business,46,13.043478260869565
2016-05-01,B,car,94,10.638297872340425
2016-05-01,B,credit_card,2096,11.975190839694656
2016-05-01,B,debt_consolidation,4828,12.116818558409278
2016-05-01,B,home_improvement,657,10.197869101978691
2016-05-01,B,major_purchase,202,11.881188118811881
2016-05-01,B,medical,114,16.666666666666664
2016-05-01,B,moving,43,18.6046511627907
2016-05-01,B,other,469,10.44776119402985
2016-05-01,B,small_business,63,15.873015873015872
2016-05-01,B,vacation,75,17.333333333333336
2016-05-01,C,car,75,24.0
2016-05-01,C,credit_card,1417,18.842625264643615
2016-05-01,C,debt_consolidation,4568,19.48336252189142
2016-05-01,C,home_improvement,534,20.037453183520597
2016-05-01,C,major_purchase,161,13.043478260869565
2016-05-01,C,medical,110,16.363636363636363
2016-05-01,C,moving,69,14.492753623188406
2016-05-01,C,other,580,15.517241379310345
2016-05-01,C,small_business,96,28.125
2016-05-01,C,vacation,77,18.181818181818183
2016-05-01,D,car,45,20.0
2016-05-01,D,credit_card,491,29.124236252545828
2016-05-01,D,debt_consolidation,2142,29.225023342670404
2016-05-01,D,home_improvement,255,23.52941176470588
2016-05-01,D,major_purchase,89,31.46067415730337
2016-05-01,D,medical,58,22.413793103448278
2016-05-01,D,moving,45,22.22222222222222
2016-05-01,D,other,328,25.304878048780488
2016-05-01,D,small_business,75,28.000000000000004
2016-05-01,D,vacation,57,19.298245614035086
2016-05-01,E,credit_card,200,34.0
2016-05-01,E,debt_consolidation,1095,33.97260273972603
2016-05-01,E,home_improvement,114,31.57894736842105
2016-05-01,E,major_purchase,45,44.44444444444444
2016-05-01,E,medical,30,30.0
2016-05-01,E,other,170,31.176470588235293
2016-05-01,E,small_business,58,43.103448275862064
2016-05-01,F,credit_card,76,39.473684210526315
2016-05-01,F,debt_consolidation,391,40.66496163682864
2016-05-01,F,home_improvement,44,31.818181818181817
2016-05-01,F,other,41,21.951219512195124
2016-05-01,G,debt_consolidation,108,39.81481481481482
2016-06-01,A,car,112,3.571428571428571
2016-06-01,A,credit_card,1785,5.434173669467787
2016-06-01,A,debt_consolidation,3125,5.4719999999999995
2016-06-01,A,home_improvement,773,5.433376455368694
2016-06-01,A,major_purchase,251,6.772908366533864
2016-06-01,A,medical,65,7.6923076923076925
2016-06-01,A,moving,30,6.666666666666667
2016-06-01,A,other,319,8.150470219435736
2016-06-01,A,small_business,34,2.941176470588235
2016-06-01,A,vacation,32,3.125
2016-06-01,B,car,153,10.457516339869281
2016-06-01,B,credit_card,2542,11.29032258064516
2016-06-01,B,debt_consolidation,6011,11.429046747629346
2016-06-01,B,home_improvement,961,10.718002081165452
2016-06-01,B,house,37,8.108108108108109
2016-06-01,B,major_purchase,333,9.60960960960961
2016-06-01,B,medical,136,13.23529411764706
2016-06-01,B,moving,105,12.380952380952381
2016-06-01,B,other,710,10.0
2016-06-01,B,small_business,77,11.688311688311687
2016-06-01,B,vacation,93,3.225806451612903
2016-06-01,C,car,106,8.49056603773585
2016-06-01,C,credit_card,1468,18.66485013623978
2016-06-01,C,debt_consolidation,5375,17.655813953488373
2016-06-01,C,home_improvement,753,17.264276228419657
2016-06-01,C,house,42,11.904761904761903
2016-06-01,C,major_purchase,248,15.725806451612904
2016-06-01,C,medical,180,16.666666666666664
2016-06-01,C,moving,104,15.384615384615385
2016-06-01,C,other,760,16.447368421052634
2016-06-01,C,small_business,121,13.223140495867769
2016-06-01,C,vacation,89,13.48314606741573
2016-06-01,D,credit_card,488,27.459016393442624
2016-06-01,D,debt_consolidation,2214,27.145438121047878
2016-06-01,D,home_improvement,263,21.292775665399237
2016-06-01,D,house,38,15.789473684210526
2016-06-01,D,major_purchase,77,23.376623376623375
2016-06-01,D,medical,78,25.64102564102564
2016-06-01,D,moving,46,26.08695652173913
2016-06-01,D,other,324,21.91358024691358
2016-06-01,D,small_business,68,42.64705882352941
2016-06-01,E,credit_card,179,36.87150837988827
2016-06-01,E,debt_consolidation,1009,34.093161546085234
2016-06-01,E,home_improvement,106,25.471698113207548
2016-06-01,E,other,129,27.906976744186046
2016-06-01,E,small_business,35,37.142857142857146
2016-06-01,F,credit_card,62,43.54838709677419
2016-06-01,F,debt_consolidation,450,42.0
2016-06-01,F,home_improvement,35,34.285714285714285
2016-06-01,F,other,49,42.857142857142854
2016-06-01,G,debt_consolidation,122,39.34426229508197
2016-07-01,A,car,88,10.227272727272728
2016-07-01,A,credit_card,1192,5.117449664429531
2016-07-01,A,debt_consolidation,1998,5.355355355355355
2016-07-01,A,home_improvement,455,4.615384615384616
2016-07-01,A,major_purchase,148,5.405405405405405
2016-07-01,A,other,174,6.321839080459771
2016-07-01,A,vacation,34,11.76470588235294
2016-07-01,B,car,160,7.5
2016-07-01,B,credit_card,2401,11.536859641815909
2016-07-01,B,debt_consolidation,6188,11.732385261797026
2016-07-01,B,home_improvement,863,11.239860950173812
2016-07-01,B,major_purchase,305,9.836065573770492
2016-07-01,B,medical,124,16.93548387096774
2016-07-01,B,moving,62,14.516129032258066
2016-07-01,B,other,653,10.10719754977029
2016-07-01,B,small_business,44,6.8181818181818175
2016-07-01,B,vacation,116,10.344827586206897
2016-07-01,C,car,122,11.475409836065573
2016-07-01,C,credit_card,1904,17.962184873949578
2016-07-01,C,debt_consolidation,7039,17.900269924705213
2016-07-01,C,home_improvement,751,16.511318242343542
2016-07-01,C,house,64,12.5
2016-07-01,C,major_purchase,248,17.741935483870968
2016-07-01,C,medical,175,19.428571428571427
2016-07-01,C,moving,120,13.333333333333334
2016-07-01,C,other,967,16.959669079627716
2016-07-01,C,small_business,139,19.424460431654676
2016-07-01,C,vacation,155,15.483870967741936
2016-07-01,D,car,49,8.16326530612245
2016-07-01,D,credit_card,623,22.953451043338685
2016-07-01,D,debt_consolidation,3281,25.693386162755257
2016-07-01,D,home_improvement,324,20.679012345679013
2016-07-01,D,house,39,28.205128205128204
2016-07-01,D,major_purchase,93,19.35483870967742
2016-07-01,D,medical,67,26.865671641791046
2016-07-01,D,moving,72,15.277777777777779
2016-07-01,D,other,447,23.042505592841163
2016-07-01,D,small_business,79,24.050632911392405
2016-07-01,D,vacation,44,9.090909090909092
2016-07-01,E,credit_card,192,33.85416666666667
2016-07-01,E,debt_consolidation,1210,32.892561983471076
2016-07-01,E,home_improvement,122,27.86885245901639
2016-07-01,E,other,161,33.54037267080746
2016-07-01,E,small_business,36,33.33333333333333
2016-07-01,F,credit_card,59,33.89830508474576
2016-07-01,F,debt_consolidation,504,43.65079365079365
2016-07-01,F,home_improvement,42,40.476190476190474
2016-07-01,F,other,58,37.93103448275862
2016-07-01,F,small_business,34,47.05882352941176
2016-07-01,G,debt_consolidation,129,42.63565891472868
2016-08-01,A,car,81,3.7037037037037033
2016-08-01,A,credit_card,1110,4.414414414414415
2016-08-01,A,debt_consolidation,1777,5.177265053460889
2016-08-01,A,home_improvement,375,5.6000000000000005
2016-08-01,A,major_purchase,131,2.2900763358778624
2016-08-01,A,medical,38,5.263157894736842
2016-08-01,A,other,164,5.487804878048781
2016-08-01,A,vacation,45,8.88888888888889
2016-08-01,B,car,163,11.042944785276074
2016-08-01,B,credit_card,3125,10.432
2016-08-01,B,debt_consolidation,7212,11.17581808097615
2016-08-01,B,home_improvement,912,9.978070175438598
2016-08-01,B,house,32,9.375
2016-08-01,B,major_purchase,298,9.395973154362416
2016-08-01,B,medical,139,10.79136690647482
2016-08-01,B,moving,79,7.59493670886076
2016-08-01,B,other,770,10.649350649350648
2016-08-01,B,small_business,81,18.51851851851852
2016-08-01,B,vacation,94,8.51063829787234
2016-08-01,C,car,119,14.285714285714285
2016-08-01,C,credit_card,1831,17.91370835608957
2016-08-01,C,debt_consolidation,6882,17.07352513804127
2016-08-01,C,home_improvement,802,16.458852867830423
2016-08-01,C,house,63,12.698412698412698
2016-08-01,C,major_purchase,279,12.186379928315413
2016-08-01,C,medical,137,18.97810218978102
2016-08-01,C,moving,123,21.138211382113823
2016-08-01,C,other,958,14.822546972860126
2016-08-01,C,small_business,114,21.052631578947366
2016-08-01,C,vacation,125,11.200000000000001
2016-08-01,D,car,41,21.951219512195124
2016-08-01,D,credit_card,662,24.018126888217523
2016-08-01,D,debt_consolidation,3259,25.099723841669224
2016-08-01,D,home_improvement,302,18.543046357615893
2016-08-01,D,house,45,35.55555555555556
2016-08-01,D,major_purchase,115,18.26086956521739
2016-08-01,D,medical,51,17.647058823529413
2016-08-01,D,moving,81,25.925925925925924
2016-08-01,D,other,449,24.276169265033406
2016-08-01,D,small_business,87,28.735632183908045
2016-08-01,D,vacation,37,27.027027027027028
2016-08-01,E,credit_card,187,31.550802139037433
2016-08-01,E,debt_consolidation,1313,30.540746382330543
2016-08-01,E,home_improvement,112,33.92857142857143
2016-08-01,E,major_purchase,42,42.857142857142854
2016-08-01,E,other,190,26.31578947368421
2016-08-01,E,small_business,36,27.77777777777778
2016-08-01,F,credit_card,74,32.432432432432435
2016-08-01,F,debt_consolidation,599,42.40400667779633
2016-08-01,F,home_improvement,45,24.444444444444443
2016-08-01,F,other,58,48.275862068965516
2016-08-01,G,debt_consolidation,148,50.67567567567568
2016-09-01,A,car,54,5.555555555555555
2016-09-01,A,credit_card,940,3.404255319148936
2016-09-01,A,debt_consolidation,1434,4.044630404463041
2016-09-01,A,home_improvement,330,3.3333333333333335
2016-09-01,A,major_purchase,91,0.0
2016-09-01,A,medical,59,3.389830508474576
2016-09-01,A,other,150,2.666666666666667
2016-09-01,B,car,113,7.079646017699115
2016-09-01,B,credit_card,1976,8.04655870445344
2016-09-01,B,debt_consolidation,4664,9.391080617495712
2016-09-01,B,home_improvement,655,8.244274809160306
2016-09-01,B,major_purchase,242,8.677685950413224
2016-09-01,B,medical,134,14.17910447761194
2016-09-01,B,moving,60,5.0
2016-09-01,B,other,486,9.25925925925926
2016-09-01,B,small_business,78,8.974358974358974
2016-09-01,B,vacation,60,10.0
2016-09-01,C,car,126,15.079365079365079
2016-09-01,C,credit_card,1593,16.698053986189578
2016-09-01,C,debt_consolidation,5685,15.145118733509236
2016-09-01,C,home_improvement,727,15.955983493810177
2016-09-01,C,house,46,8.695652173913043
2016-09-01,C,major_purchase,250,16.8
2016-09-01,C,medical,139,20.863309352517987
2016-09-01,C,moving,101,15.841584158415841
2016-09-01,C,other,833,12.605042016806722
2016-09-01,C,small_business,112,25.892857142857146
2016-09-01,C,vacation,94,14.893617021276595
2016-09-01,D,car,55,21.818181818181817
2016-09-01,D,credit_card,515,26.407766990291265
2016-09-01,D,debt_consolidation,2762,25.05430847212165
2016-09-01,D,home_improvement,274,19.708029197080293
2016-09-01,D,house,35,22.857142857142858
2016-09-01,D,major_purchase,106,20.754716981132077
2016-09-01,D,medical,53,16.9811320754717
2016-09-01,D,moving,48,20.833333333333336
2016-09-01,D,other,433,14.318706697459586
2016-09-01,D,small_business,70,24.285714285714285
2016-09-01,E,credit_card,160,30.0
2016-09-01,E,debt_consolidation,1044,30.45977011494253
2016-09-01,E,home_improvement,118,28.8135593220339
2016-09-01,E,major_purchase,45,35.55555555555556
2016-09-01,E,other,145,29.655172413793103
2016-09-01,E,small_business,39,35.8974358974359
2016-09-01,F,credit_card,46,36.95652173913043
2016-09-01,F,debt_consolidation,452,38.93805309734513
2016-09-01,F,home_improvement,35,34.285714285714285
2016-09-01,F,other,50,30.0
2016-09-01,G,debt_consolidation,102,50.0
2016-10-01,A,car,60,3.3333333333333335
2016-10-01,A,credit_card,1147,3.225806451612903
2016-10-01,A,debt_consolidation,2017,3.867129400099157
2016-10-01,A,home_improvement,421,4.275534441805226
2016-10-01,A,major_purchase,114,5.263157894736842
2016-10-01,A,medical,52,5.769230769230769
2016-10-01,A,other,222,3.153153153153153
2016-10-01,A,small_business,39,5.128205128205128
2016-10-01,A,vacation,41,2.4390243902439024
2016-10-01,B,car,137,8.02919708029197
2016-10-01,B,credit_card,2419,8.061182306738322
2016-10-01,B,debt_consolidation,5608,8.434379457917261
2016-10-01,B,home_improvement,844,7.819905213270142
2016-10-01,B,major_purchase,250,5.6000000000000005
2016-10-01,B,medical,175,9.142857142857142
2016-10-01,B,moving,72,11.11111111111111
2016-10-01,B,other,615,10.08130081300813
2016-10-01,B,small_business,84,15.476190476190476
2016-10-01,B,vacation,83,13.253012048192772
2016-10-01,C,car,135,6.666666666666667
2016-10-01,C,credit_card,1908,13.469601677148846
2016-10-01,C,debt_consolidation,6610,14.296520423600606
2016-10-01,C,home_improvement,795,14.465408805031446
2016-10-01,C,house,48,6.25
2016-10-01,C,major_purchase,260,11.923076923076923
2016-10-01,C,medical,168,16.071428571428573
2016-10-01,C,moving,97,16.49484536082474
2016-10-01,C,other,810,12.222222222222221
2016-10-01,C,small_business,115,15.65217391304348
2016-10-01,C,vacation,92,14.130434782608695
2016-10-01,D,car,52,25.0
2016-10-01,D,credit_card,608,23.026315789473685
2016-10-01,D,debt_consolidation,3093,20.142256708697058
2016-10-01,D,home_improvement,312,19.230769230769234
2016-10-01,D,major_purchase,101,29.7029702970297
2016-10-01,D,medical,62,20.967741935483872
2016-10-01,D,moving,53,22.641509433962266
2016-10-01,D,other,460,18.26086956521739
2016-10-01,D,small_business,77,22.07792207792208
2016-10-01,E,credit_card,156,28.205128205128204
2016-10-01,E,debt_consolidation,1132,26.060070671378092
2016-10-01,E,home_improvement,98,28.57142857142857
2016-10-01,E,other,139,15.107913669064748
2016-10-01,F,credit_card,61,40.98360655737705
2016-10-01,F,debt_consolidation,347,35.44668587896253
2016-10-01,F,home_improvement,33,27.27272727272727
2016-10-01,F,other,54,31.48148148148148
2016-10-01,G,debt_consolidation,97,37.11340206185567
2016-11-01,A,car,60,5.0
2016-11-01,A,credit_card,1270,3.149606299212598
2016-11-01,A,debt_consolidation,1976,4.352226720647773
2016-11-01,A,home_improvement,409,3.1784841075794623
2016-11-01,A,major_purchase,109,6.422018348623854
2016-11-01,A,medical,66,4.545454545454546
2016-11-01,A,other,197,3.5532994923857872
2016-11-01,A,small_business,31,6.451612903225806
2016-11-01,A,vacation,32,3.125
2016-11-01,B,car,126,4.761904761904762
2016-11-01,B,credit_card,2722,9.074210139603233
2016-11-01,B,debt_consolidation,6138,9.156076898012381
2016-11-01,B,home_improvement,802,7.231920199501247
2016-11-01,B,major_purchase,254,9.05511811023622
2016-11-01,B,medical,159,12.578616352201259
2016-11-01,B,moving,48,14.583333333333334
2016-11-01,B,other,666,7.3573573573573565
2016-11-01,B,small_business,111,11.711711711711711
2016-11-01,B,vacation,104,9.615384615384617
2016-11-01,C,car,94,9.574468085106384
2016-11-01,C,credit_card,2166,14.635272391505078
2016-11-01,C,debt_consolidation,7219,14.198642471256406
2016-11-01,C,home_improvement,788,14.213197969543149
2016-11-01,C,house,51,13.725490196078432
2016-11-01,C,major_purchase,240,14.583333333333334
2016-11-01,C,medical,186,13.440860215053762
2016-11-01,C,moving,104,9.615384615384617
2016-11-01,C,other,895,13.29608938547486
2016-11-01,C,small_business,102,21.568627450980394
2016-11-01,C,vacation,81,11.11111111111111
2016-11-01,D,car,43,23.25581395348837
2016-11-01,D,credit_card,692,23.699421965317917
2016-11-01,D,debt_consolidation,3328,21.033653846153847
2016-11-01,D,home_improvement,289,17.647058823529413
2016-11-01,D,major_purchase,129,16.27906976744186
2016-11-01,D,medical,51,11.76470588235294
2016-11-01,D,moving,39,25.64102564102564
2016-11-01,D,other,417,17.74580335731415
2016-11-01,D,small_business,68,22.058823529411764
2016-11-01,E,credit_card,172,33.72093023255814
2016-11-01,E,debt_consolidation,1138,29.876977152899826
2016-11-01,E,home_improvement,107,27.102803738317753
2016-11-01,E,major_purchase,35,31.428571428571427
2016-11-01,E,other,141,30.49645390070922
2016-11-01,E,small_business,32,28.125
2016-11-01,F,credit_card,30,23.333333333333332
2016-11-01,F,debt_consolidation,270,44.81481481481481
2016-11-01,F,other,35,37.142857142857146
2016-11-01,G,debt_consolidation,79,44.303797468354425
2016-12-01,A,car,91,1.098901098901099
2016-12-01,A,credit_card,1307,4.284621270084163
2016-12-01,A,debt_consolidation,2149,3.5365286179618427
2016-12-01,A,home_improvement,441,4.535147392290249
2016-12-01,A,major_purchase,136,4.411764705882353
2016-12-01,A,medical,77,6.493506493506493
2016-12-01,A,other,229,5.240174672489083
2016-12-01,A,small_business,47,0.0
2016-12-01,A,vacation,44,4.545454545454546
2016-12-01,B,car,132,9.848484848484848
2016-12-01,B,credit_card,2642,7.834973504920514
2016-12-01,B,debt_consolidation,5815,8.564058469475494
2016-12-01,B,home_improvement,770,7.532467532467532
2016-12-01,B,house,37,10.81081081081081
2016-12-01,B,major_purchase,284,9.507042253521126
2016-12-01,B,medical,160,8.125
2016-12-01,B,moving,68,7.352941176470589
2016-12-01,B,other,700,7.142857142857142
2016-12-01,B,small_business,104,7.6923076923076925
2016-12-01,B,vacation,129,9.30232558139535
2016-12-01,C,car,125,8.799999999999999
2016-12-01,C,credit_card,2132,14.49343339587242
2016-12-01,C,debt_consolidation,7205,14.614850798056905
2016-12-01,C,home_improvement,774,12.661498708010335
2016-12-01,C,house,56,23.214285714285715
2016-12-01,C,major_purchase,281,13.87900355871886
2016-12-01,C,medical,170,10.588235294117647
2016-12-01,C,moving,96,14.583333333333334
2016-12-01,C,other,1005,11.741293532338307
2016-12-01,C,small_business,167,12.574850299401197
2016-12-01,C,vacation,128,14.84375
2016-12-01,D,car,50,14.000000000000002
2016-12-01,D,credit_card,802,22.194513715710723
2016-12-01,D,debt_consolidation,3697,20.719502299161483
2016-12-01,D,home_improvement,323,20.743034055727556
2016-12-01,D,house,39,17.94871794871795
2016-12-01,D,major_purchase,138,26.08695652173913
2016-12-01,D,medical,76,22.36842105263158
2016-12-01,D,moving,53,20.754716981132077
2016-12-01,D,other,526,18.44106463878327
2016-12-01,D,small_business,127,24.409448818897637
2016-12-01,D,vacation,31,22.58064516129032
2016-12-01,E,credit_card,218,28.899082568807337
2016-12-01,E,debt_consolidation,1284,26.401869158878505
2016-12-01,E,home_improvement,118,27.966101694915253
2016-12-01,E,major_purchase,48,25.0
2016-12-01,E,other,160,25.0
2016-12-01,E,small_business,39,33.33333333333333
2016-12-01,F,credit_card,49,40.816326530612244
2016-12-01,F,debt_consolidation,418,34.92822966507177
2016-12-01,F,home_improvement,35,37.142857142857146
2016-12-01,F,other,57,26.31578947368421
2016-12-01,G,debt_consolidation,127,42.51968503937008
2017-01-01,A,car,69,2.898550724637681
2017-01-01,A,credit_card,1407,2.8429282160625444
2017-01-01,A,debt_consolidation,2179,2.569986232216613
2017-01-01,A,home_improvement,441,2.7210884353741496
2017-01-01,A,major_purchase,112,0.0
2017-01-01,A,medical,65,3.076923076923077
2017-01-01,A,other,199,3.5175879396984926
2017-01-01,A,small_business,40,2.5
2017-01-01,A,vacation,39,2.564102564102564
2017-01-01,B,car,101,6.9306930693069315
2017-01-01,B,credit_card,2487,6.915963007639727
2017-01-01,B,debt_consolidation,5188,7.131842713955281
2017-01-01,B,home_improvement,598,6.354515050167224
2017-01-01,B,major_purchase,186,6.451612903225806
2017-01-01,B,medical,119,6.722689075630252
2017-01-01,B,moving,67,8.955223880597014
2017-01-01,B,other,497,8.249496981891348
2017-01-01,B,small_business,86,6.976744186046512
2017-01-01,B,vacation,73,4.10958904109589
2017-01-01,C,car,114,6.140350877192982
2017-01-01,C,credit_card,2077,12.710640346653829
2017-01-01,C,debt_consolidation,6611,12.645590682196339
2017-01-01,C,home_improvement,665,11.729323308270677
2017-01-01,C,house,41,19.51219512195122
2017-01-01,C,major_purchase,216,12.5
2017-01-01,C,medical,146,15.068493150684931
2017-01-01,C,moving,85,8.235294117647058
2017-01-01,C,other,720,13.333333333333334
2017-01-01,C,small_business,139,12.23021582733813
2017-01-01,C,vacation,67,11.940298507462686
2017-01-01,D,car,43,16.27906976744186
2017-01-01,D,credit_card,588,19.727891156462583
2017-01-01,D,debt_consolidation,2857,19.74098704935247
2017-01-01,D,home_improvement,271,22.14022140221402
2017-01-01,D,major_purchase,92,29.347826086956523
2017-01-01,D,medical,62,24.193548387096776
2017-01-01,D,moving,41,34.146341463414636
2017-01-01,D,other,341,14.95601173020528
2017-01-01,D,small_business,79,17.72151898734177
2017-01-01,D,vacation,32,25.0
2017-01-01,E,credit_card,215,24.651162790697676
2017-01-01,E,debt_consolidation,1115,27.17488789237668
2017-01-01,E,home_improvement,103,15.53398058252427
2017-01-01,E,major_purchase,36,13.88888888888889
2017-01-01,E,other,154,26.623376623376622
2017-01-01,E,small_business,38,23.684210526315788
2017-01-01,F,credit_card,61,24.59016393442623
2017-01-01,F,debt_consolidation,374,32.62032085561498
2017-01-01,F,home_improvement,31,38.70967741935484
2017-01-01,F,other,54,38.88888888888889
2017-01-01,G,debt_consolidation,109,35.77981651376147
2017-02-01,A,car,69,1.4492753623188406
2017-02-01,A,credit_card,1281,2.810304449648712
2017-02-01,A,debt_consolidation,1936,2.427685950413223
2017-02-01,A,home_improvement,440,2.727272727272727
2017-02-01,A,major_purchase,97,5.154639175257731
2017-02-01,A,medical,73,8.21917808219178
2017-02-01,A,other,226,4.424778761061947
2017-02-01,A,small_business,38,2.631578947368421
2017-02-01,A,vacation,36,2.7777777777777777
2017-02-01,B,car,102,8.823529411764707
2017-02-01,B,credit_card,2171,6.54076462459696
2017-02-01,B,debt_consolidation,4344,7.780847145488029
2017-02-01,B,home_improvement,564,6.382978723404255
2017-02-01,B,major_purchase,187,6.417112299465241
2017-02-01,B,medical,111,8.108108108108109
2017-02-01,B,moving,58,10.344827586206897
2017-02-01,B,other,426,5.39906103286385
2017-02-01,B,small_business,74,12.162162162162163
2017-02-01,B,vacation,79,13.924050632911392
2017-02-01,C,car,97,7.216494845360824
2017-02-01,C,credit_card,1944,11.934156378600823
2017-02-01,C,debt_consolidation,5977,12.113100217500419
2017-02-01,C,home_improvement,651,12.442396313364055
2017-02-01,C,house,49,12.244897959183673
2017-02-01,C,major_purchase,196,13.77551020408163
2017-02-01,C,medical,136,17.647058823529413
2017-02-01,C,moving,69,20.28985507246377
2017-02-01,C,other,614,12.37785016286645
2017-02-01,C,small_business,132,12.878787878787879
2017-02-01,C,vacation,72,25.0
2017-02-01,D,car,38,21.052631578947366
2017-02-01,D,credit_card,450,18.666666666666668
2017-02-01,D,debt_consolidation,2016,19.49404761904762
2017-02-01,D,home_improvement,212,18.39622641509434
2017-02-01,D,major_purchase,79,13.924050632911392
2017-02-01,D,medical,40,25.0
2017-02-01,D,other,293,16.723549488054605
2017-02-01,D,small_business,58,27.586206896551722
2017-02-01,E,credit_card,186,25.806451612903224
2017-02-01,E,debt_consolidation,951,24.395373291272346
2017-02-01,E,home_improvement,105,26.666666666666668
2017-02-01,E,major_purchase,42,26.190476190476193
2017-02-01,E,other,127,13.385826771653544
2017-02-01,F,credit_card,56,23.214285714285715
2017-02-01,F,debt_consolidation,338,31.65680473372781
2017-02-01,F,other,55,36.36363636363637
2017-02-01,G,debt_consolidation,88,35.22727272727273
2017-03-01,A,car,102,1.9607843137254901
2017-03-01,A,credit_card,1861,2.7941966684578183
2017-03-01,A,debt_consolidation,2793,3.186537773003938
2017-03-01,A,home_improvement,635,2.5196850393700787
2017-03-01,A,major_purchase,171,2.3391812865497075
2017-03-01,A,medical,95,3.1578947368421053
2017-03-01,A,other,324,2.1604938271604937
2017-03-01,A,small_business,48,8.333333333333332
2017-03-01,A,vacation,55,0.0
2017-03-01,B,car,150,2.0
2017-03-01,B,credit_card,2818,6.210078069552875
2017-03-01,B,debt_consolidation,5973,7.014900385066131
2017-03-01,B,home_improvement,883,7.021517553793885
2017-03-01,B,house,38,10.526315789473683
2017-03-01,B,major_purchase,249,4.417670682730924
2017-03-01,B,medical,164,8.536585365853659
2017-03-01,B,moving,79,6.329113924050633
2017-03-01,B,other,633,6.6350710900473935
2017-03-01,B,small_business,94,8.51063829787234
2017-03-01,B,vacation,103,7.766990291262135
2017-03-01,C,car,130,11.538461538461538
2017-03-01,C,credit_card,2479,12.303348124243646
2017-03-01,C,debt_consolidation,7596,11.808846761453397
2017-03-01,C,home_improvement,958,11.691022964509393
2017-03-01,C,house,44,13.636363636363635
2017-03-01,C,major_purchase,305,9.180327868852459
2017-03-01,C,medical,173,15.606936416184972
2017-03-01,C,moving,101,8.91089108910891
2017-03-01,C,other,797,11.041405269761606
2017-03-01,C,small_business,153,11.76470588235294
2017-03-01,C,vacation,126,11.904761904761903
2017-03-01,D,car,42,11.904761904761903
2017-03-01,D,credit_card,603,18.076285240464347
2017-03-01,D,debt_consolidation,2722,17.34019103600294
2017-03-01,D,home_improvement,288,12.847222222222221
2017-03-01,D,major_purchase,99,22.22222222222222
2017-03-01,D,medical,68,25.0
2017-03-01,D,moving,34,11.76470588235294
2017-03-01,D,other,352,16.193181818181817
2017-03-01,D,small_business,67,29.850746268656714
2017-03-01,D,vacation,37,29.72972972972973
2017-03-01,E,credit_card,216,25.925925925925924
2017-03-01,E,debt_consolidation,1093,23.513266239707228
2017-03-01,E,home_improvement,122,18.0327868852459
2017-03-01,E,major_purchase,48,31.25
2017-03-01,E,other,189,20.634920634920633
2017-03-01,E,small_business,37,24.324324324324326
2017-03-01,F,credit_card,67,29.850746268656714
2017-03-01,F,debt_consolidation,436,32.3394495412844
2017-03-01,F,home_improvement,34,38.23529411764706
2017-03-01,F,other,66,31.818181818181817
2017-03-01,G,debt_consolidation,115,38.26086956521739
2017-04-01,A,car,97,0.0
2017-04-01,A,credit_card,1306,2.5267993874425727
2017-04-01,A,debt_consolidation,2121,2.876001885902876
2017-04-01,A,home_improvement,624,3.3653846153846154
2017-04-01,A,major_purchase,146,1.36986301369863
2017-04-01,A,medical,77,0.0
2017-04-01,A,other,286,2.797202797202797
2017-04-01,A,small_business,35,0.0
2017-04-01,A,vacation,58,0.0
2017-04-01,B,car,110,6.363636363636363
2017-04-01,B,credit_card,2159,6.0676238999536825
2017-04-01,B,debt_consolidation,4438,6.534474988733664
2017-04-01,B,home_improvement,770,8.311688311688311
2017-04-01,B,major_purchase,221,5.88235294117647
2017-04-01,B,medical,142,7.746478873239436
2017-04-01,B,moving,64,7.8125
2017-04-01,B,other,585,6.666666666666667
2017-04-01,B,small_business,59,8.47457627118644
2017-04-01,B,vacation,81,9.876543209876543
2017-04-01,C,car,134,13.432835820895523
2017-04-01,C,credit_card,1889,12.175754367390153
2017-04-01,C,debt_consolidation,6139,11.793451702231634
2017-04-01,C,home_improvement,826,11.016949152542372
2017-04-01,C,house,43,9.30232558139535
2017-04-01,C,major_purchase,233,7.725321888412018
2017-04-01,C,medical,139,14.388489208633093
2017-04-01,C,moving,86,19.767441860465116
2017-04-01,C,other,759,11.989459815546773
2017-04-01,C,small_business,115,13.91304347826087
2017-04-01,C,vacation,83,9.63855421686747
2017-04-01,D,credit_card,503,15.109343936381709
2017-04-01,D,debt_consolidation,2139,17.90556334735858
2017-04-01,D,home_improvement,312,13.782051282051283
2017-04-01,D,major_purchase,75,12.0
2017-04-01,D,medical,47,14.893617021276595
2017-04-01,D,moving,33,15.151515151515152
2017-04-01,D,other,285,14.035087719298245
2017-04-01,D,small_business,61,26.229508196721312
2017-04-01,E,credit_card,181,19.88950276243094
2017-04-01,E,debt_consolidation,971,24.51081359423275
2017-04-01,E,home_improvement,125,21.6
2017-04-01,E,major_purchase,42,28.57142857142857
2017-04-01,E,medical,30,13.333333333333334
2017-04-01,E,other,145,22.06896551724138
2017-04-01,E,small_business,30,23.333333333333332
2017-04-01,F,credit_card,59,35.59322033898305
2017-04-01,F,debt_consolidation,325,32.61538461538461
2017-04-01,F,home_improvement,37,21.62162162162162
2017-04-01,F,other,51,31.372549019607842
2017-04-01,G,debt_consolidation,94,43.61702127659575
2017-05-01,A,car,121,3.3057851239669422
2017-05-01,A,credit_card,1671,2.214242968282466
2017-05-01,A,debt_consolidation,2844,3.0942334739803097
2017-05-01,A,home_improvement,793,3.6569987389659517
2017-05-01,A,major_purchase,200,4.0
2017-05-01,A,medical,110,3.6363636363636362
2017-05-01,A,moving,52,0.0
2017-05-01,A,other,338,3.5502958579881656
2017-05-01,A,small_business,64,9.375
2017-05-01,A,vacation,93,3.225806451612903
2017-05-01,B,car,128,4.6875
2017-05-01,B,credit_card,2752,7.340116279069768
2017-05-01,B,debt_consolidation,5880,6.63265306122449
2017-05-01,B,home_improvement,995,6.231155778894473
2017-05-01,B,major_purchase,268,4.104477611940299
2017-05-01,B,medical,169,6.508875739644971
2017-05-01,B,moving,96,13.541666666666666
2017-05-01,B,other,592,5.574324324324325
2017-05-01,B,small_business,84,15.476190476190476
2017-05-01,B,vacation,120,7.5
2017-05-01,C,car,155,9.67741935483871
2017-05-01,C,credit_card,2420,11.40495867768595
2017-05-01,C,debt_consolidation,7916,11.104092976250632
2017-05-01,C,home_improvement,1071,9.617180205415501
2017-05-01,C,house,57,8.771929824561402
2017-05-01,C,major_purchase,274,10.218978102189782
2017-05-01,C,medical,205,13.170731707317074
2017-05-01,C,moving,118,17.796610169491526
2017-05-01,C,other,854,10.889929742388759
2017-05-01,C,small_business,127,17.322834645669293
2017-05-01,C,vacation,142,11.971830985915492
2017-05-01,D,car,46,10.869565217391305
2017-05-01,D,credit_card,600,16.166666666666664
2017-05-01,D,debt_consolidation,2616,18.539755351681958
2017-05-01,D,home_improvement,315,14.920634920634921
2017-05-01,D,major_purchase,105,15.238095238095239
2017-05-01,D,medical,83,15.66265060240964
2017-05-01,D,moving,58,17.24137931034483
2017-05-01,D,other,349,17.478510028653297
2017-05-01,D,small_business,61,22.950819672131146
2017-05-01,D,vacation,42,21.428571428571427
2017-05-01,E,credit_card,211,18.009478672985782
2017-05-01,E,debt_consolidation,1059,22.568460812086872
2017-05-01,E,home_improvement,118,25.423728813559322
2017-05-01,E,major_purchase,34,20.588235294117645
2017-05-01,E,other,160,29.375
2017-05-01,E,small_business,38,28.947368421052634
2017-05-01,F,credit_card,64,31.25
2017-05-01,F,debt_consolidation,396,30.555555555555557
2017-05-01,F,home_improvement,37,21.62162162162162
2017-05-01,F,other,72,40.27777777777778
2017-05-01,G,debt_consolidation,158,28.48101265822785
2017-05-01,G,other,39,30.76923076923077
2017-06-01,A,car,122,1.639344262295082
2017-06-01,A,credit_card,1606,2.5529265255292652
2017-06-01,A,debt_consolidation,3273,2.2303696914146043
2017-06-01,A,home_improvement,795,2.3899371069182394
2017-06-01,A,house,36,5.555555555555555
2017-06-01,A,major_purchase,207,2.4154589371980677
2017-06-01,A,medical,153,4.57516339869281
2017-06-01,A,moving,58,6.896551724137931
2017-06-01,A,other,382,3.4031413612565444
2017-06-01,A,small_business,54,7.4074074074074066
2017-06-01,A,vacation,111,5.405405405405405
2017-06-01,B,car,152,5.263157894736842
2017-06-01,B,credit_card,2623,6.8623713305375516
2017-06-01,B,debt_consolidation,6237,5.788039121372455
2017-06-01,B,home_improvement,950,7.7894736842105265
2017-06-01,B,major_purchase,281,7.11743772241993
2017-06-01,B,medical,182,3.296703296703297
2017-06-01,B,moving,99,9.090909090909092
2017-06-01,B,other,720,6.805555555555555
2017-06-01,B,small_business,87,11.494252873563218
2017-06-01,B,vacation,150,8.666666666666668
2017-06-01,C,car,146,8.904109589041095
2017-06-01,C,credit_card,2334,10.154241645244216
2017-06-01,C,debt_consolidation,7801,10.088450198692476
2017-06-01,C,home_improvement,951,11.56677181913775
2017-06-01,C,house,48,8.333333333333332
2017-06-01,C,major_purchase,341,9.3841642228739
2017-06-01,C,medical,192,14.583333333333334
2017-06-01,C,moving,121,14.87603305785124
2017-06-01,C,other,878,10.592255125284739
2017-06-01,C,small_business,103,16.50485436893204
2017-06-01,C,vacation,151,6.622516556291391
2017-06-01,D,car,39,17.94871794871795
2017-06-01,D,credit_card,552,15.39855072463768
2017-06-01,D,debt_consolidation,2606,18.112049117421336
2017-06-01,D,home_improvement,304,13.157894736842104
2017-06-01,D,major_purchase,86,22.093023255813954
2017-06-01,D,medical,45,20.0
2017-06-01,D,moving,45,20.0
2017-06-01,D,other,378,15.343915343915343
2017-06-01,D,small_business,47,23.404255319148938
2017-06-01,D,vacation,58,18.96551724137931
2017-06-01,E,credit_card,190,21.052631578947366
2017-06-01,E,debt_consolidation,965,22.590673575129532
2017-06-01,E,home_improvement,105,22.857142857142858
2017-06-01,E,major_purchase,37,13.513513513513514
2017-06-01,E,other,154,22.727272727272727
2017-06-01,F,credit_card,68,25.0
2017-06-01,F,debt_consolidation,355,30.704225352112672
2017-06-01,F,home_improvement,39,25.64102564102564
2017-06-01,F,other,59,27.11864406779661
2017-06-01,G,credit_card,39,30.76923076923077
2017-06-01,G,debt_consolidation,224,29.910714285714285
2017-06-01,G,other,39,17.94871794871795
2017-07-01,A,car,127,2.3622047244094486
2017-07-01,A,credit_card,1678,2.0858164481525625
2017-07-01,A,debt_consolidation,3312,2.3852657004830915
2017-07-01,A,home_improvement,762,3.0183727034120733
2017-07-01,A,major_purchase,210,1.9047619047619049
2017-07-01,A,medical,126,3.968253968253968
2017-07-01,A,moving,57,8.771929824561402
2017-07-01,A,other,376,2.127659574468085
2017-07-01,A,small_business,50,6.0
2017-07-01,A,vacation,93,4.301075268817205
2017-07-01,B,car,132,3.787878787878788
2017-07-01,B,credit_card,2761,4.925751539297356
2017-07-01,B,debt_consolidation,6269,5.614930610942734
2017-07-01,B,home_improvement,864,4.74537037037037
2017-07-01,B,house,37,8.108108108108109
2017-07-01,B,major_purchase,279,3.942652329749104
2017-07-01,B,medical,174,4.597701149425287
2017-07-01,B,moving,91,5.4945054945054945
2017-07-01,B,other,677,5.612998522895126
2017-07-01,B,small_business,98,6.122448979591836
2017-07-01,B,vacation,143,7.6923076923076925
2017-07-01,C,car,131,7.633587786259542
2017-07-01,C,credit_card,2516,10.77106518282989
2017-07-01,C,debt_consolidation,8206,9.980502071654888
2017-07-01,C,home_improvement,999,8.208208208208207
2017-07-01,C,house,56,1.7857142857142856
2017-07-01,C,major_purchase,311,9.646302250803858
2017-07-01,C,medical,185,8.64864864864865
2017-07-01,C,moving,126,9.523809523809524
2017-07-01,C,other,998,11.022044088176353
2017-07-01,C,small_business,108,17.59259259259259
2017-07-01,C,vacation,143,10.48951048951049
2017-07-01,D,car,57,17.543859649122805
2017-07-01,D,credit_card,635,16.062992125984252
2017-07-01,D,debt_consolidation,2687,17.045031633792334
2017-07-01,D,home_improvement,315,17.77777777777778
2017-07-01,D,house,35,14.285714285714285
2017-07-01,D,major_purchase,109,16.51376146788991
2017-07-01,D,medical,71,15.492957746478872
2017-07-01,D,moving,61,9.836065573770492
2017-07-01,D,other,409,15.158924205378973
2017-07-01,D,small_business,45,17.77777777777778
2017-07-01,D,vacation,48,14.583333333333334
2017-07-01,E,credit_card,173,20.23121387283237
2017-07-01,E,debt_consolidation,1065,21.220657276995304
2017-07-01,E,home_improvement,136,23.52941176470588
2017-07-01,E,major_purchase,54,20.37037037037037
2017-07-01,E,other,187,15.508021390374333
2017-07-01,E,small_business,31,25.806451612903224
2017-07-01,F,credit_card,54,27.77777777777778
2017-07-01,F,debt_consolidation,302,26.158940397350992
2017-07-01,F,home_improvement,48,29.166666666666668
2017-07-01,F,other,58,24.137931034482758
2017-07-01,G,credit_card,39,46.15384615384615
2017-07-01,G,debt_consolidation,358,33.798882681564244
2017-07-01,G,home_improvement,39,38.46153846153847
2017-07-01,G,other,65,30.76923076923077
2017-08-01,A,car,151,1.9867549668874174
2017-08-01,A,credit_card,1900,1.9473684210526316
2017-08-01,A,debt_consolidation,3673,1.8785733732643615
2017-08-01,A,home_improvement,815,2.208588957055215
2017-08-01,A,major_purchase,237,1.6877637130801686
2017-08-01,A,medical,115,6.956521739130435
2017-08-01,A,moving,55,0.0
2017-08-01,A,other,453,1.545253863134658
2017-08-01,A,small_business,77,2.5974025974025974
2017-08-01,A,vacation,97,1.0309278350515463
2017-08-01,B,car,177,2.824858757062147
2017-08-01,B,credit_card,3073,5.174096973641393
2017-08-01,B,debt_consolidation,7324,5.243036592026215
2017-08-01,B,home_improvement,1009,4.955401387512389
2017-08-01,B,house,60,5.0
2017-08-01,B,major_purchase,321,6.230529595015576
2017-08-01,B,medical,218,2.293577981651376
2017-08-01,B,moving,106,9.433962264150944
2017-08-01,B,other,816,5.147058823529411
2017-08-01,B,small_business,88,7.954545454545454
2017-08-01,B,vacation,144,5.555555555555555
2017-08-01,C,car,179,7.82122905027933
2017-08-01,C,credit_card,2655,7.871939736346516
2017-08-01,C,debt_consolidation,8854,9.28393946238988
2017-08-01,C,home_improvement,1052,9.125475285171103
2017-08-01,C,house,53,5.660377358490567
2017-08-01,C,major_purchase,359,8.913649025069638
2017-08-01,C,medical,229,17.03056768558952
2017-08-01,C,moving,136,15.441176470588236
2017-08-01,C,other,1039,8.75842155919153
2017-08-01,C,small_business,165,14.545454545454545
2017-08-01,C,vacation,162,6.172839506172839
2017-08-01,D,car,55,14.545454545454545
2017-08-01,D,credit_card,709,14.245416078984485
2017-08-01,D,debt_consolidation,2962,15.530047265361244
2017-08-01,D,home_improvement,330,12.121212121212121
2017-08-01,D,house,35,11.428571428571429
2017-08-01,D,major_purchase,147,15.646258503401361
2017-08-01,D,medical,78,19.230769230769234
2017-08-01,D,moving,51,17.647058823529413
2017-08-01,D,other,511,13.111545988258316
2017-08-01,D,small_business,78,15.384615384615385
2017-08-01,D,vacation,39,7.6923076923076925
2017-08-01,E,credit_card,185,26.486486486486488
2017-08-01,E,debt_consolidation,1120,20.17857142857143
2017-08-01,E,home_improvement,126,19.047619047619047
2017-08-01,E,major_purchase,58,17.24137931034483
2017-08-01,E,medical,36,16.666666666666664
2017-08-01,E,other,233,22.746781115879827
2017-08-01,E,small_business,33,15.151515151515152
2017-08-01,F,credit_card,43,16.27906976744186
2017-08-01,F,debt_consolidation,238,23.949579831932773
2017-08-01,F,home_improvement,42,26.190476190476193
2017-08-01,F,other,73,15.068493150684931
2017-08-01,G,credit_card,32,31.25
2017-08-01,G,debt_consolidation,255,27.058823529411764
2017-08-01,G,other,55,30.909090909090907
2017-09-01,A,car,119,1.680672268907563
2017-09-01,A,credit_card,1314,2.207001522070015
2017-09-01,A,debt_consolidation,3146,2.3839796567069294
2017-09-01,A,home_improvement,769,1.6905071521456438
2017-09-01,A,house,51,1.9607843137254901
2017-09-01,A,major_purchase,207,1.4492753623188406
2017-09-01,A,medical,121,2.479338842975207
2017-09-01,A,moving,56,5.357142857142857
2017-09-01,A,other,464,3.8793103448275863
2017-09-01,A,small_business,61,3.278688524590164
2017-09-01,A,vacation,63,0.0
2017-09-01,B,car,121,2.479338842975207
2017-09-01,B,credit_card,2529,3.6773428232502967
2017-09-01,B,debt_consolidation,6140,4.755700325732899
2017-09-01,B,home_improvement,978,4.703476482617587
2017-09-01,B,house,58,1.7241379310344827
2017-09-01,B,major_purchase,265,6.415094339622642
2017-09-01,B,medical,172,8.720930232558139
2017-09-01,B,moving,87,6.896551724137931
2017-09-01,B,other,780,6.0256410256410255
2017-09-01,B,small_business,116,6.0344827586206895
2017-09-01,B,vacation,96,9.375
2017-09-01,C,car,138,8.695652173913043
2017-09-01,C,credit_card,2464,8.806818181818182
2017-09-01,C,debt_consolidation,8010,8.901373283395756
2017-09-01,C,home_improvement,906,7.39514348785872
2017-09-01,C,house,92,10.869565217391305
2017-09-01,C,major_purchase,321,9.657320872274143
2017-09-01,C,medical,218,6.422018348623854
2017-09-01,C,moving,110,10.909090909090908
2017-09-01,C,other,968,8.057851239669422
2017-09-01,C,small_business,138,10.869565217391305
2017-09-01,C,vacation,90,4.444444444444445
2017-09-01,D,car,53,3.7735849056603774
2017-09-01,D,credit_card,770,14.155844155844155
2017-09-01,D,debt_consolidation,3227,14.130771614502635
2017-09-01,D,home_improvement,330,13.636363636363635
2017-09-01,D,house,44,25.0
2017-09-01,D,major_purchase,120,15.0
2017-09-01,D,medical,91,19.78021978021978
2017-09-01,D,moving,46,19.565217391304348
2017-09-01,D,other,477,12.368972746331238
2017-09-01,D,small_business,67,17.91044776119403
2017-09-01,E,credit_card,221,13.122171945701359
2017-09-01,E,debt_consolidation,1217,20.37797863599014
2017-09-01,E,home_improvement,115,20.0
2017-09-01,E,major_purchase,53,20.754716981132077
2017-09-01,E,other,183,14.207650273224044
2017-09-01,E,small_business,31,22.58064516129032
2017-09-01,F,credit_card,66,28.78787878787879
2017-09-01,F,debt_consolidation,390,22.564102564102566
2017-09-01,F,home_improvement,35,25.71428571428571
2017-09-01,F,other,59,37.28813559322034
2017-09-01,G,credit_card,72,29.166666666666668
2017-09-01,G,debt_consolidation,508,29.527559055118108
2017-09-01,G,home_improvement,41,26.82926829268293
2017-09-01,G,other,59,35.59322033898305
2017-10-01,A,car,123,1.6260162601626018
2017-10-01,A,credit_card,1802,1.7203107658157604
2017-10-01,A,debt_consolidation,3454,1.563404748118124
2017-10-01,A,home_improvement,812,1.9704433497536946
2017-10-01,A,house,102,1.9607843137254901
2017-10-01,A,major_purchase,240,2.9166666666666665
2017-10-01,A,medical,140,5.0
2017-10-01,A,moving,50,4.0
2017-10-01,A,other,653,2.1439509954058193
2017-10-01,A,small_business,80,3.75
2017-10-01,A,vacation,54,7.4074074074074066
2017-10-01,B,car,127,3.937007874015748
2017-10-01,B,credit_card,2627,3.425961172440046
2017-10-01,B,debt_consolidation,6131,4.338607078779971
2017-10-01,B,home_improvement,1017,4.523107177974435
2017-10-01,B,house,118,5.084745762711865
2017-10-01,B,major_purchase,291,7.216494845360824
2017-10-01,B,medical,193,3.6269430051813467
2017-10-01,B,moving,69,7.246376811594203
2017-10-01,B,other,1013,4.343534057255676
2017-10-01,B,small_business,137,11.678832116788321
2017-10-01,B,vacation,78,3.8461538461538463
2017-10-01,C,car,114,8.771929824561402
2017-10-01,C,credit_card,2058,6.802721088435375
2017-10-01,C,debt_consolidation,6065,7.600989282769992
2017-10-01,C,home_improvement,722,9.833795013850416
2017-10-01,C,house,105,4.761904761904762
2017-10-01,C,major_purchase,203,9.35960591133005
2017-10-01,C,medical,155,6.451612903225806
2017-10-01,C,moving,93,13.978494623655912
2017-10-01,C,other,866,7.736720554272518
2017-10-01,C,small_business,104,9.615384615384617
2017-10-01,C,vacation,72,9.722222222222223
2017-10-01,D,car,76,11.842105263157894
2017-10-01,D,credit_card,881,11.01021566401816
2017-10-01,D,debt_consolidation,3405,10.983847283406755
2017-10-01,D,home_improvement,320,10.0
2017-10-01,D,house,54,7.4074074074074066
2017-10-01,D,major_purchase,129,17.05426356589147
2017-10-01,D,medical,114,14.912280701754385
2017-10-01,D,moving,54,12.962962962962962
2017-10-01,D,other,552,13.405797101449277
2017-10-01,D,small_business,67,14.925373134328357
2017-10-01,D,vacation,50,12.0
2017-10-01,E,credit_card,207,22.705314009661837
2017-10-01,E,debt_consolidation,1117,17.278424350940018
2017-10-01,E,home_improvement,92,16.304347826086957
2017-10-01,E,major_purchase,43,18.6046511627907
2017-10-01,E,other,167,17.365269461077844
2017-10-01,E,small_business,33,30.303030303030305
2017-10-01,F,credit_card,44,18.181818181818183
2017-10-01,F,debt_consolidation,368,22.82608695652174
2017-10-01,F,home_improvement,32,28.125
2017-10-01,F,other,50,18.0
2017-10-01,G,debt_consolidation,187,31.016042780748666
2017-11-01,A,car,136,4.411764705882353
2017-11-01,A,credit_card,2497,1.682018422106528
2017-11-01,A,debt_consolidation,3990,2.0050125313283207
2017-11-01,A,home_improvement,858,1.3986013986013985
2017-11-01,A,house,134,2.9850746268656714
2017-11-01,A,major_purchase,263,2.6615969581749046
2017-11-01,A,medical,145,5.517241379310345
2017-11-01,A,moving,66,1.5151515151515151
2017-11-01,A,other,807,2.1065675340768277
2017-11-01,A,small_business,109,6.422018348623854
2017-11-01,A,vacation,73,2.73972602739726
2017-11-01,B,car,163,4.294478527607362
2017-11-01,B,credit_card,3209,3.2097226550327207
2017-11-01,B,debt_consolidation,6693,3.585835948005379
2017-11-01,B,home_improvement,1052,4.562737642585551
2017-11-01,B,house,160,6.875000000000001
2017-11-01,B,major_purchase,320,8.75
2017-11-01,B,medical,229,5.676855895196507
2017-11-01,B,moving,97,6.185567010309279
2017-11-01,B,other,1151,4.8653344917463075
2017-11-01,B,small_business,161,6.832298136645963
2017-11-01,B,vacation,92,2.1739130434782608
2017-11-01,C,car,118,3.389830508474576
2017-11-01,C,credit_card,2374,5.8972198820556025
2017-11-01,C,debt_consolidation,6329,6.493916890504028
2017-11-01,C,home_improvement,778,6.426735218508997
2017-11-01,C,house,128,7.03125
2017-11-01,C,major_purchase,281,5.6939501779359425
2017-11-01,C,medical,160,8.75
2017-11-01,C,moving,98,6.122448979591836
2017-11-01,C,other,1034,8.027079303675048
2017-11-01,C,small_business,137,15.328467153284672
2017-11-01,C,vacation,86,10.465116279069768
2017-11-01,D,car,53,11.320754716981133
2017-11-01,D,credit_card,964,9.12863070539419
2017-11-01,D,debt_consolidation,3690,11.219512195121952
2017-11-01,D,home_improvement,369,11.11111111111111
2017-11-01,D,house,79,11.39240506329114
2017-11-01,D,major_purchase,165,13.333333333333334
2017-11-01,D,medical,113,14.15929203539823
2017-11-01,D,moving,44,15.909090909090908
2017-11-01,D,other,573,9.947643979057592
2017-11-01,D,small_business,85,17.647058823529413
2017-11-01,D,vacation,42,14.285714285714285
2017-11-01,E,credit_card,195,12.82051282051282
2017-11-01,E,debt_consolidation,1079,15.106580166821132
2017-11-01,E,home_improvement,67,20.8955223880597
2017-11-01,E,major_purchase,36,11.11111111111111
2017-11-01,E,other,176,19.318181818181817
2017-11-01,F,credit_card,52,17.307692307692307
2017-11-01,F,debt_consolidation,289,20.415224913494807
2017-11-01,G,debt_consolidation,108,22.22222222222222
2017-12-01,A,car,116,0.8620689655172413
2017-12-01,A,credit_card,2444,1.104746317512275
2017-12-01,A,debt_consolidation,3596,1.8631813125695216
2017-12-01,A,home_improvement,676,1.4792899408284024
2017-12-01,A,house,129,1.550387596899225
2017-12-01,A,major_purchase,311,1.929260450160772
2017-12-01,A,medical,161,0.6211180124223602
2017-12-01,A,moving,58,1.7241379310344827
2017-12-01,A,other,869,2.6467203682393556
2017-12-01,A,small_business,100,1.0
2017-12-01,A,vacation,65,0.0
2017-12-01,B,car,143,4.895104895104895
2017-12-01,B,credit_card,2755,3.012704174228675
2017-12-01,B,debt_consolidation,5794,3.538142906454953
2017-12-01,B,home_improvement,853,3.8686987104337636
2017-12-01,B,house,153,6.535947712418301
2017-12-01,B,major_purchase,373,6.166219839142091
2017-12-01,B,medical,190,5.263157894736842
2017-12-01,B,moving,82,7.317073170731707
2017-12-01,B,other,1089,4.040404040404041
2017-12-01,B,small_business,157,7.006369426751593
2017-12-01,B,vacation,99,4.040404040404041
2017-12-01,C,car,117,4.273504273504273
2017-12-01,C,credit_card,2058,6.6569484936831875
2017-12-01,C,debt_consolidation,5577,6.885422270037654
2017-12-01,C,home_improvement,641,6.084243369734789
2017-12-01,C,house,118,14.40677966101695
2017-12-01,C,major_purchase,325,9.230769230769232
2017-12-01,C,medical,158,8.227848101265822
2017-12-01,C,moving,85,7.0588235294117645
2017-12-01,C,other,1001,6.193806193806194
2017-12-01,C,small_business,159,12.578616352201259
2017-12-01,C,vacation,81,2.4691358024691357
2017-12-01,D,car,59,8.47457627118644
2017-12-01,D,credit_card,926,8.207343412526997
2017-12-01,D,debt_consolidation,3505,9.671897289586305
2017-12-01,D,home_improvement,282,13.829787234042554
2017-12-01,D,house,84,22.61904761904762
2017-12-01,D,major_purchase,161,11.180124223602485
2017-12-01,D,medical,123,11.38211382113821
2017-12-01,D,moving,56,12.5
2017-12-01,D,other,631,10.301109350237718
2017-12-01,D,small_business,85,15.294117647058824
2017-12-01,D,vacation,54,9.25925925925926
2017-12-01,E,credit_card,157,12.101910828025478
2017-12-01,E,debt_consolidation,845,14.082840236686389
2017-12-01,E,home_improvement,59,22.033898305084744
2017-12-01,E,major_purchase,36,11.11111111111111
2017-12-01,E,other,122,11.475409836065573
2017-12-01,F,credit_card,30,23.333333333333332
2017-12-01,F,debt_consolidation,183,20.21857923497268
2017-12-01,G,debt_consolidation,47,17.02127659574468
2018-01-01,A,car,114,0.0
2018-01-01,A,credit_card,2709,1.1074197120708749
2018-01-01,A,debt_consolidation,3966,1.109430156328795
2018-01-01,A,home_improvement,717,0.8368200836820083
2018-01-01,A,house,155,1.935483870967742
2018-01-01,A,major_purchase,272,0.7352941176470588
2018-01-01,A,medical,162,1.8518518518518516
2018-01-01,A,moving,45,6.666666666666667
2018-01-01,A,other,811,1.726263871763255
2018-01-01,A,small_business,85,4.705882352941177
2018-01-01,A,vacation,53,1.8867924528301887
2018-01-01,B,car,149,1.342281879194631
2018-01-01,B,credit_card,2611,2.5277671390271927
2018-01-01,B,debt_consolidation,5435,3.385464581416743
2018-01-01,B,home_improvement,770,3.2467532467532463
2018-01-01,B,house,150,4.0
2018-01-01,B,major_purchase,350,3.428571428571429
2018-01-01,B,medical,178,4.49438202247191
2018-01-01,B,moving,83,10.843373493975903
2018-01-01,B,other,990,3.3333333333333335
2018-01-01,B,small_business,145,6.896551724137931
2018-01-01,B,vacation,72,1.3888888888888888
2018-01-01,C,car,117,7.6923076923076925
2018-01-01,C,credit_card,2029,5.322819122720552
2018-01-01,C,debt_consolidation,5209,5.183336532923786
2018-01-01,C,home_improvement,578,6.055363321799308
2018-01-01,C,house,103,8.737864077669903
2018-01-01,C,major_purchase,262,6.488549618320611
2018-01-01,C,medical,152,7.894736842105263
2018-01-01,C,moving,72,0.0
2018-01-01,C,other,908,7.599118942731277
2018-01-01,C,small_business,132,5.303030303030303
2018-01-01,C,vacation,64,4.6875
2018-01-01,D,car,45,6.666666666666667
2018-01-01,D,credit_card,865,6.242774566473988
2018-01-01,D,debt_consolidation,3081,8.146705615060046
2018-01-01,D,home_improvement,261,10.344827586206897
2018-01-01,D,house,74,16.216216216216218
2018-01-01,D,major_purchase,105,10.476190476190476
2018-01-01,D,medical,92,14.130434782608695
2018-01-01,D,moving,44,15.909090909090908
2018-01-01,D,other,506,11.857707509881422
2018-01-01,D,small_business,66,10.606060606060606
2018-01-01,D,vacation,33,12.121212121212121
2018-01-01,E,credit_card,177,7.344632768361582
2018-01-01,E,debt_consolidation,783,13.282247765006385
2018-01-01,E,home_improvement,49,16.3265306122449
2018-01-01,E,other,115,13.043478260869565
2018-01-01,F,credit_card,32,28.125
2018-01-01,F,debt_consolidation,154,18.181818181818183
2018-02-01,A,car,113,1.7699115044247788
2018-02-01,A,credit_card,2319,0.9918068132815868
2018-02-01,A,debt_consolidation,3422,1.081239041496201
2018-02-01,A,home_improvement,652,0.9202453987730062
2018-02-01,A,house,148,2.7027027027027026
2018-02-01,A,major_purchase,298,3.0201342281879198
2018-02-01,A,medical,142,1.4084507042253522
2018-02-01,A,moving,43,0.0
2018-02-01,A,other,723,2.0746887966804977
2018-02-01,A,small_business,106,0.9433962264150944
2018-02-01,A,vacation,56,0.0
2018-02-01,B,car,119,1.680672268907563
2018-02-01,B,credit_card,2398,1.5012510425354462
2018-02-01,B,debt_consolidation,4824,2.9643449419568824
2018-02-01,B,home_improvement,755,2.251655629139073
2018-02-01,B,house,148,2.7027027027027026
2018-02-01,B,major_purchase,318,3.459119496855346
2018-02-01,B,medical,132,3.787878787878788
2018-02-01,B,moving,60,10.0
2018-02-01,B,other,842,3.0878859857482186
2018-02-01,B,small_business,115,4.3478260869565215
2018-02-01,B,vacation,61,1.639344262295082
2018-02-01,C,car,99,5.05050505050505
2018-02-01,C,credit_card,1845,3.360433604336043
2018-02-01,C,debt_consolidation,4954,4.662898667743238
2018-02-01,C,home_improvement,532,5.075187969924812
2018-02-01,C,house,100,4.0
2018-02-01,C,major_purchase,239,9.205020920502092
2018-02-01,C,medical,135,8.148148148148149
2018-02-01,C,moving,68,4.411764705882353
2018-02-01,C,other,733,5.5934515688949515
2018-02-01,C,small_business,123,9.75609756097561
2018-02-01,C,vacation,47,8.51063829787234
2018-02-01,D,car,54,11.11111111111111
2018-02-01,D,credit_card,733,7.3669849931787175
2018-02-01,D,debt_consolidation,2742,7.439824945295405
2018-02-01,D,home_improvement,260,10.0
2018-02-01,D,house,54,5.555555555555555
2018-02-01,D,major_purchase,132,9.090909090909092
2018-02-01,D,medical,94,8.51063829787234
2018-02-01,D,moving,35,11.428571428571429
2018-02-01,D,other,457,7.439824945295405
2018-02-01,D,small_business,83,14.457831325301203
2018-02-01,D,vacation,38,5.263157894736842
2018-02-01,E,credit_card,151,8.609271523178808
2018-02-01,E,debt_consolidation,733,12.005457025920874
2018-02-01,E,home_improvement,53,7.547169811320755
2018-02-01,E,other,87,9.195402298850574
2018-02-01,F,debt_consolidation,149,18.120805369127517
2018-02-01,G,debt_consolidation,38,15.789473684210526
2018-03-01,A,car,142,0.0
2018-03-01,A,credit_card,2705,0.6654343807763401
2018-03-01,A,debt_consolidation,4053,1.1102886750555145
2018-03-01,A,home_improvement,935,1.8181818181818181
2018-03-01,A,house,202,0.49504950495049505
2018-03-01,A,major_purchase,336,2.083333333333333
2018-03-01,A,medical,156,1.282051282051282
2018-03-01,A,moving,50,0.0
2018-03-01,A,other,901,1.7758046614872365
2018-03-01,A,small_business,94,3.1914893617021276
2018-03-01,A,vacation,68,2.941176470588235
2018-03-01,B,car,183,1.092896174863388
2018-03-01,B,credit_card,2786,2.0459440057430007
2018-03-01,B,debt_consolidation,5717,2.4838201854119295
2018-03-01,B,home_improvement,961,2.18522372528616
2018-03-01,B,house,191,3.664921465968586
2018-03-01,B,major_purchase,344,4.069767441860465
2018-03-01,B,medical,183,1.639344262295082
2018-03-01,B,moving,76,3.9473684210526314
2018-03-01,B,other,1080,2.4074074074074074
2018-03-01,B,small_business,137,4.37956204379562
2018-03-01,B,vacation,101,4.9504950495049505
2018-03-01,C,car,133,3.007518796992481
2018-03-01,C,credit_card,2093,3.440038222646918
2018-03-01,C,debt_consolidation,5533,3.8496294957527564
2018-03-01,C,home_improvement,731,5.60875512995896
2018-03-01,C,house,140,5.714285714285714
2018-03-01,C,major_purchase,287,5.923344947735192
2018-03-01,C,medical,167,4.191616766467066
2018-03-01,C,moving,76,1.3157894736842104
2018-03-01,C,other,875,5.828571428571429
2018-03-01,C,small_business,118,3.389830508474576
2018-03-01,C,vacation,71,4.225352112676056
2018-03-01,D,car,71,4.225352112676056
2018-03-01,D,credit_card,895,5.698324022346369
2018-03-01,D,debt_consolidation,3213,6.504824151882975
2018-03-01,D,home_improvement,287,8.362369337979095
2018-03-01,D,house,70,12.857142857142856
2018-03-01,D,major_purchase,173,5.780346820809249
2018-03-01,D,medical,93,15.053763440860216
2018-03-01,D,moving,53,18.867924528301888
2018-03-01,D,other,530,10.943396226415095
2018-03-01,D,small_business,69,11.594202898550725
2018-03-01,D,vacation,61,8.19672131147541
2018-03-01,E,credit_card,171,7.017543859649122
2018-03-01,E,debt_consolidation,858,11.072261072261073
2018-03-01,E,home_improvement,64,9.375
2018-03-01,E,medical,33,6.0606060606060606
2018-03-01,E,other,123,15.447154471544716
2018-03-01,F,debt_consolidation,171,12.865497076023392
2018-04-01,A,car,161,0.6211180124223602
2018-04-01,A,credit_card,3061,0.6207121855602744
2018-04-01,A,debt_consolidation,4164,0.8165225744476465
2018-04-01,A,home_improvement,999,0.9009009009009009
2018-04-01,A,house,238,0.8403361344537815
2018-04-01,A,major_purchase,370,0.8108108108108109
2018-04-01,A,medical,172,1.744186046511628
2018-04-01,A,moving,60,3.3333333333333335
2018-04-01,A,other,998,1.8036072144288577
2018-04-01,A,small_business,107,0.9345794392523363
2018-04-01,A,vacation,74,2.7027027027027026
2018-04-01,B,car,148,2.027027027027027
2018-04-01,B,credit_card,3208,1.8079800498753118
2018-04-01,B,debt_consolidation,5985,1.8713450292397662
2018-04-01,B,home_improvement,1055,2.5592417061611377
2018-04-01,B,house,259,4.247104247104247
2018-04-01,B,major_purchase,395,4.556962025316456
2018-04-01,B,medical,213,2.8169014084507045
2018-04-01,B,moving,70,1.4285714285714286
2018-04-01,B,other,1222,2.3731587561374794
2018-04-01,B,small_business,126,3.1746031746031744
2018-04-01,B,vacation,105,3.8095238095238098
2018-04-01,C,car,126,5.555555555555555
2018-04-01,C,credit_card,2556,2.503912363067293
2018-04-01,C,debt_consolidation,6236,3.6722257857601024
2018-04-01,C,home_improvement,829,4.463208685162847
2018-04-01,C,house,184,6.521739130434782
2018-04-01,C,major_purchase,305,6.557377049180328
2018-04-01,C,medical,167,8.383233532934131
2018-04-01,C,moving,85,2.3529411764705883
2018-04-01,C,other,1051,5.233111322549953
2018-04-01,C,small_business,109,6.422018348623854
2018-04-01,C,vacation,89,1.1235955056179776
2018-04-01,D,car,67,10.44776119402985
2018-04-01,D,credit_card,1019,4.906771344455349
2018-04-01,D,debt_consolidation,3567,5.831230726100364
2018-04-01,D,home_improvement,394,7.3604060913705585
2018-04-01,D,house,83,4.819277108433735
2018-04-01,D,major_purchase,147,6.122448979591836
2018-04-01,D,medical,119,9.243697478991598
2018-04-01,D,moving,53,7.547169811320755
2018-04-01,D,other,616,6.0064935064935066
2018-04-01,D,small_business,67,13.432835820895523
2018-04-01,D,vacation,52,13.461538461538462
2018-04-01,E,credit_card,206,8.25242718446602
2018-04-01,E,debt_consolidation,886,9.255079006772009
2018-04-01,E,home_improvement,67,5.970149253731343
2018-04-01,E,major_purchase,43,18.6046511627907
2018-04-01,E,other,133,7.518796992481203
2018-04-01,F,credit_card,33,6.0606060606060606
2018-04-01,F,debt_consolidation,211,12.322274881516588
2018-04-01,G,debt_consolidation,44,13.636363636363635
2018-05-01,A,car,149,1.342281879194631
2018-05-01,A,credit_card,3902,0.743208610968734
2018-05-01,A,debt_consolidation,4693,0.8310249307479225
2018-05-01,A,home_improvement,962,1.3513513513513513
2018-05-01,A,house,227,0.881057268722467
2018-05-01,A,major_purchase,361,1.3850415512465373
2018-05-01,A,medical,153,1.3071895424836601
2018-05-01,A,moving,75,1.3333333333333335
2018-05-01,A,other,873,0.9163802978235969
2018-05-01,A,small_business,90,1.1111111111111112
2018-05-01,A,vacation,80,0.0
2018-05-01,B,car,167,2.9940119760479043
2018-05-01,B,credit_card,3605,1.2205270457697643
2018-05-01,B,debt_consolidation,6385,1.456538762725137
2018-05-01,B,home_improvement,1083,2.1237303785780237
2018-05-01,B,house,229,1.3100436681222707
2018-05-01,B,major_purchase,442,4.524886877828054
2018-05-01,B,medical,216,2.314814814814815
2018-05-01,B,moving,85,1.1764705882352942
2018-05-01,B,other,1109,2.8854824165915236
2018-05-01,B,small_business,127,3.149606299212598
2018-05-01,B,vacation,130,5.384615384615385
2018-05-01,C,car,157,3.821656050955414
2018-05-01,C,credit_card,2739,1.9350127783862723
2018-05-01,C,debt_consolidation,6619,2.9913884272548725
2018-05-01,C,home_improvement,937,2.3479188900747063
2018-05-01,C,house,203,3.4482758620689653
2018-05-01,C,major_purchase,339,5.3097345132743365
2018-05-01,C,medical,189,5.291005291005291
2018-05-01,C,moving,96,7.291666666666667
2018-05-01,C,other,1111,3.4203420342034203
2018-05-01,C,small_business,161,6.211180124223603
2018-05-01,C,vacation,101,4.9504950495049505
2018-05-01,D,car,74,5.405405405405405
2018-05-01,D,credit_card,1104,3.894927536231884
2018-05-01,D,debt_consolidation,3768,5.3078556263269645
2018-05-01,D,home_improvement,397,5.793450881612091
2018-05-01,D,house,104,11.538461538461538
2018-05-01,D,major_purchase,156,5.128205128205128
2018-05-01,D,medical,109,9.174311926605505
2018-05-01,D,moving,72,11.11111111111111
2018-05-01,D,other,642,6.386292834890965
2018-05-01,D,small_business,69,10.144927536231885
2018-05-01,D,vacation,76,9.210526315789473
2018-05-01,E,credit_card,207,4.830917874396135
2018-05-01,E,debt_consolidation,964,5.9128630705394185
2018-05-01,E,home_improvement,76,6.578947368421052
2018-05-01,E,major_purchase,40,7.5
2018-05-01,E,other,156,7.6923076923076925
2018-05-01,F,credit_card,43,2.3255813953488373
2018-05-01,F,debt_consolidation,210,6.666666666666667
2018-05-01,G,debt_consolidation,51,7.8431372549019605
2018-06-01,A,car,122,0.0
2018-06-01,A,credit_card,4066,0.3443187407771766
2018-06-01,A,debt_consolidation,4625,0.5405405405405406
2018-06-01,A,home_improvement,792,0.12626262626262627
2018-06-01,A,house,163,0.6134969325153374
2018-06-01,A,major_purchase,285,0.7017543859649122
2018-06-01,A,medical,145,1.3793103448275863
2018-06-01,A,moving,54,0.0
2018-06-01,A,other,634,0.47318611987381703
2018-06-01,A,small_business,70,0.0
2018-06-01,A,vacation,80,0.0
2018-06-01,B,car,156,0.641025641025641
2018-06-01,B,credit_card,3322,1.2642986152919928
2018-06-01,B,debt_consolidation,5651,1.026367014687666
2018-06-01,B,home_improvement,828,1.8115942028985508
2018-06-01,B,house,192,2.083333333333333
2018-06-01,B,major_purchase,345,4.057971014492753
2018-06-01,B,medical,140,3.571428571428571
2018-06-01,B,moving,89,2.247191011235955
2018-06-01,B,other,942,1.6985138004246285
2018-06-01,B,small_business,91,0.0
2018-06-01,B,vacation,109,1.834862385321101
2018-06-01,C,car,97,1.0309278350515463
2018-06-01,C,credit_card,2488,1.2057877813504823
2018-06-01,C,debt_consolidation,5749,1.8264045921029746
2018-06-01,C,home_improvement,779,2.8241335044929397
2018-06-01,C,house,179,3.910614525139665
2018-06-01,C,major_purchase,311,4.180064308681672
2018-06-01,C,medical,169,4.733727810650888
2018-06-01,C,moving,84,5.952380952380952
2018-06-01,C,other,1036,2.8957528957528957
2018-06-01,C,small_business,104,3.8461538461538463
2018-06-01,C,vacation,98,1.0204081632653061
2018-06-01,D,car,59,6.779661016949152
2018-06-01,D,credit_card,992,3.931451612903226
2018-06-01,D,debt_consolidation,3278,3.7522879804759
2018-06-01,D,home_improvement,354,5.084745762711865
2018-06-01,D,house,100,8.0
2018-06-01,D,major_purchase,165,4.848484848484849
2018-06-01,D,medical,83,4.819277108433735
2018-06-01,D,moving,48,4.166666666666666
2018-06-01,D,other,572,4.72027972027972
2018-06-01,D,small_business,60,6.666666666666667
2018-06-01,D,vacation,69,5.797101449275362
2018-06-01,E,credit_card,204,4.411764705882353
2018-06-01,E,debt_consolidation,816,5.392156862745098
2018-06-01,E,home_improvement,63,6.349206349206349
2018-06-01,E,major_purchase,37,2.7027027027027026
2018-06-01,E,other,125,7.199999999999999
2018-06-01,F,credit_card,53,11.320754716981133
2018-06-01,F,debt_consolidation,203,7.8817733990147785
2018-06-01,G,debt_consolidation,36,8.333333333333332
2018-07-01,A,car,91,0.0
2018-07-01,A,credit_card,4556,0.3292361720807726
2018-07-01,A,debt_consolidation,5619,0.2847481758319986
2018-07-01,A,home_improvement,770,0.2597402597402597
2018-07-01,A,house,56,1.7857142857142856
2018-07-01,A,major_purchase,175,0.0
2018-07-01,A,medical,104,0.9615384615384616
2018-07-01,A,moving,39,0.0
2018-07-01,A,other,402,0.7462686567164178
2018-07-01,A,small_business,50,0.0
2018-07-01,A,vacation,58,0.0
2018-07-01,B,car,87,1.1494252873563218
2018-07-01,B,credit_card,3468,0.461361014994233
2018-07-01,B,debt_consolidation,6240,0.9775641025641025
2018-07-01,B,home_improvement,741,1.0796221322537112
2018-07-01,B,house,75,2.666666666666667
2018-07-01,B,major_purchase,219,1.36986301369863
2018-07-01,B,medical,123,2.4390243902439024
2018-07-01,B,moving,65,0.0
2018-07-01,B,other,539,1.1131725417439702
2018-07-01,B,small_business,77,1.2987012987012987
2018-07-01,B,vacation,89,0.0
2018-07-01,C,car,101,0.9900990099009901
2018-07-01,C,credit_card,2581,1.0461061604029445
2018-07-01,C,debt_consolidation,6400,1.421875
2018-07-01,C,home_improvement,616,1.461038961038961
2018-07-01,C,house,79,1.2658227848101267
2018-07-01,C,major_purchase,177,2.2598870056497176
2018-07-01,C,medical,140,2.142857142857143
2018-07-01,C,moving,73,1.36986301369863
2018-07-01,C,other,590,2.2033898305084745
2018-07-01,C,small_business,85,1.1764705882352942
2018-07-01,C,vacation,96,4.166666666666666
2018-07-01,D,car,57,1.7543859649122806
2018-07-01,D,credit_card,1070,2.0560747663551404
2018-07-01,D,debt_consolidation,3695,2.0568335588633286
2018-07-01,D,home_improvement,401,3.2418952618453867
2018-07-01,D,house,69,4.3478260869565215
2018-07-01,D,major_purchase,160,0.625
2018-07-01,D,medical,106,3.7735849056603774
2018-07-01,D,moving,46,2.1739130434782608
2018-07-01,D,other,515,3.6893203883495143
2018-07-01,D,small_business,68,11.76470588235294
2018-07-01,D,vacation,64,3.125
2018-07-01,E,credit_card,228,2.1929824561403506
2018-07-01,E,debt_consolidation,957,3.343782654127482
2018-07-01,E,home_improvement,98,5.1020408163265305
2018-07-01,E,major_purchase,47,8.51063829787234
2018-07-01,E,medical,31,6.451612903225806
2018-07-01,E,other,231,3.896103896103896
2018-07-01,F,credit_card,44,9.090909090909092
2018-07-01,F,debt_consolidation,249,2.0080321285140563
2018-07-01,F,home_improvement,37,5.405405405405405
2018-07-01,F,other,46,6.521739130434782
2018-07-01,G,debt_consolidation,59,8.47457627118644
2018-08-01,A,car,110,0.0
2018-08-01,A,credit_card,4902,0.10199918400652795
2018-08-01,A,debt_consolidation,6325,0.22134387351778656
2018-08-01,A,home_improvement,887,0.2254791431792559
2018-08-01,A,house,55,0.0
2018-08-01,A,major_purchase,197,0.0
2018-08-01,A,medical,110,0.0
2018-08-01,A,moving,45,0.0
2018-08-01,A,other,468,0.2136752136752137
2018-08-01,A,small_business,68,0.0
2018-08-01,A,vacation,55,0.0
2018-08-01,B,car,104,1.9230769230769231
2018-08-01,B,credit_card,3719,0.21511158913686476
2018-08-01,B,debt_consolidation,6830,0.4538799414348462
2018-08-01,B,home_improvement,777,0.5148005148005148
2018-08-01,B,house,53,3.7735849056603774
2018-08-01,B,major_purchase,218,1.834862385321101
2018-08-01,B,medical,131,1.5267175572519083
2018-08-01,B,moving,83,0.0
2018-08-01,B,other,629,0.6359300476947536
2018-08-01,B,small_business,65,1.5384615384615385
2018-08-01,B,vacation,74,1.3513513513513513
2018-08-01,C,car,87,0.0
2018-08-01,C,credit_card,2633,0.6456513482719332
2018-08-01,C,debt_consolidation,6664,0.7052821128451381
2018-08-01,C,home_improvement,720,0.5555555555555556
2018-08-01,C,house,69,2.898550724637681
2018-08-01,C,major_purchase,201,0.0
2018-08-01,C,medical,120,0.0
2018-08-01,C,moving,80,1.25
2018-08-01,C,other,683,0.7320644216691069
2018-08-01,C,small_business,87,1.1494252873563218
2018-08-01,C,vacation,87,1.1494252873563218
2018-08-01,D,car,61,1.639344262295082
2018-08-01,D,credit_card,1057,1.5137180700094608
2018-08-01,D,debt_consolidation,3827,1.358766657956624
2018-08-01,D,home_improvement,436,1.146788990825688
2018-08-01,D,house,62,3.225806451612903
2018-08-01,D,major_purchase,176,1.1363636363636365
2018-08-01,D,medical,99,1.0101010101010102
2018-08-01,D,moving,56,0.0
2018-08-01,D,other,520,1.153846153846154
2018-08-01,D,small_business,81,2.4691358024691357
2018-08-01,D,vacation,52,0.0
2018-08-01,E,credit_card,221,1.3574660633484164
2018-08-01,E,debt_consolidation,993,2.014098690835851
2018-08-01,E,home_improvement,113,5.3097345132743365
2018-08-01,E,major_purchase,51,5.88235294117647
2018-08-01,E,medical,32,3.125
2018-08-01,E,other,240,2.9166666666666665
2018-08-01,E,small_business,31,9.67741935483871
2018-08-01,F,credit_card,50,6.0
2018-08-01,F,debt_consolidation,240,3.75
2018-08-01,F,other,61,1.639344262295082
2018-08-01,G,debt_consolidation,60,5.0
2018-09-01,A,car,79,0.0
2018-09-01,A,credit_card,4707,0.10622477161674101
2018-09-01,A,debt_consolidation,5949,0.2017145738779627
2018-09-01,A,home_improvement,677,0.29542097488921715
2018-09-01,A,house,54,1.8518518518518516
2018-09-01,A,major_purchase,185,0.0
2018-09-01,A,medical,85,0.0
2018-09-01,A,moving,33,0.0
2018-09-01,A,other,350,0.0
2018-09-01,A,small_business,59,0.0
2018-09-01,A,vacation,46,0.0
2018-09-01,B,car,82,0.0
2018-09-01,B,credit_card,3003,0.1998001998001998
2018-09-01,B,debt_consolidation,5687,0.15825567082820466
2018-09-01,B,home_improvement,627,0.1594896331738437
2018-09-01,B,house,41,0.0
2018-09-01,B,major_purchase,168,1.1904761904761905
2018-09-01,B,medical,90,1.1111111111111112
2018-09-01,B,moving,59,0.0
2018-09-01,B,other,473,0.21141649048625794
2018-09-01,B,small_business,66,0.0
2018-09-01,B,vacation,59,1.694915254237288
2018-09-01,C,car,88,0.0
2018-09-01,C,credit_card,2001,0.39980009995002497
2018-09-01,C,debt_consolidation,5587,0.46536602827993556
2018-09-01,C,home_improvement,539,0.5565862708719851
2018-09-01,C,house,49,0.0
2018-09-01,C,major_purchase,153,1.3071895424836601
2018-09-01,C,medical,104,1.9230769230769231
2018-09-01,C,moving,64,0.0
2018-09-01,C,other,489,1.0224948875255624
2018-09-01,C,small_business,64,3.125
2018-09-01,C,vacation,51,0.0
2018-09-01,D,car,56,1.7857142857142856
2018-09-01,D,credit_card,866,0.5773672055427251
2018-09-01,D,debt_consolidation,3277,0.7628928898382668
2018-09-01,D,home_improvement,359,1.1142061281337048
2018-09-01,D,house,35,0.0
2018-09-01,D,major_purchase,122,2.459016393442623
2018-09-01,D,medical,84,2.380952380952381
2018-09-01,D,moving,49,2.0408163265306123
2018-09-01,D,other,388,0.7731958762886598
2018-09-01,D,small_business,76,2.631578947368421
2018-09-01,D,vacation,44,2.272727272727273
2018-09-01,E,credit_card,166,0.6024096385542169
2018-09-01,E,debt_consolidation,922,2.27765726681128
2018-09-01,E,home_improvement,81,1.2345679012345678
2018-09-01,E,major_purchase,47,0.0
2018-09-01,E,other,160,1.25
2018-09-01,F,credit_card,44,0.0
2018-09-01,F,debt_consolidation,201,1.4925373134328357
2018-09-01,F,other,52,3.8461538461538463
2018-09-01,G,debt_consolidation,34,2.941176470588235
2018-10-01,A,car,94,0.0
2018-10-01,A,credit_card,5432,0.05522827687776141
2018-10-01,A,debt_consolidation,7069,0.08487763474324517
2018-10-01,A,home_improvement,805,0.12422360248447205
2018-10-01,A,house,50,0.0
2018-10-01,A,major_purchase,197,0.0
2018-10-01,A,medical,102,0.0
2018-10-01,A,moving,37,0.0
2018-10-01,A,other,434,0.0
2018-10-01,A,small_business,79,0.0
2018-10-01,A,vacation,56,0.0
2018-10-01,B,car,94,1.0638297872340425
2018-10-01,B,credit_card,3688,0.10845986984815618
2018-10-01,B,debt_consolidation,7003,0.15707553905469085
2018-10-01,B,home_improvement,758,0.5277044854881267
2018-10-01,B,house,56,0.0
2018-10-01,B,major_purchase,195,0.0
2018-10-01,B,medical,126,0.0
2018-10-01,B,moving,56,0.0
2018-10-01,B,other,550,0.18181818181818182
2018-10-01,B,small_business,85,0.0
2018-10-01,B,vacation,49,0.0
2018-10-01,C,car,85,0.0
2018-10-01,C,credit_card,2413,0.24865312888520513
2018-10-01,C,debt_consolidation,6464,0.20111386138613863
2018-10-01,C,home_improvement,658,0.1519756838905775
2018-10-01,C,house,74,1.3513513513513513
2018-10-01,C,major_purchase,194,1.0309278350515463
2018-10-01,C,medical,150,0.0
2018-10-01,C,moving,69,1.4492753623188406
2018-10-01,C,other,607,0.16474464579901155
2018-10-01,C,small_business,100,0.0
2018-10-01,C,vacation,67,1.4925373134328357
2018-10-01,D,car,66,0.0
2018-10-01,D,credit_card,969,0.30959752321981426
2018-10-01,D,debt_consolidation,3661,0.2185195301830101
2018-10-01,D,home_improvement,448,0.0
2018-10-01,D,house,65,1.5384615384615385
2018-10-01,D,major_purchase,141,0.0
2018-10-01,D,medical,99,1.0101010101010102
2018-10-01,D,moving,55,1.8181818181818181
2018-10-01,D,other,539,0.3710575139146568
2018-10-01,D,small_business,66,0.0
2018-10-01,D,vacation,60,0.0
2018-10-01,E,credit_card,229,0.0
2018-10-01,E,debt_consolidation,1041,0.19212295869356388
2018-10-01,E,home_improvement,139,0.7194244604316548
2018-10-01,E,major_purchase,55,0.0
2018-10-01,E,medical,35,0.0
2018-10-01,E,other,237,0.8438818565400843
2018-10-01,F,debt_consolidation,142,0.7042253521126761
2018-10-01,F,other,60,1.6666666666666667
2018-10-01,G,debt_consolidation,30,3.3333333333333335
2018-11-01,A,car,83,0.0
2018-11-01,A,credit_card,4555,0.0
2018-11-01,A,debt_consolidation,5878,0.05103776794828172
2018-11-01,A,home_improvement,604,0.16556291390728478
2018-11-01,A,house,34,0.0
2018-11-01,A,major_purchase,162,0.0
2018-11-01,A,medical,100,0.0
2018-11-01,A,moving,34,0.0
2018-11-01,A,other,359,0.0
2018-11-01,A,small_business,66,0.0
2018-11-01,A,vacation,50,0.0
2018-11-01,B,car,98,0.0
2018-11-01,B,credit_card,3371,0.0
2018-11-01,B,debt_consolidation,6447,0.09306654257794324
2018-11-01,B,home_improvement,655,0.15267175572519084
2018-11-01,B,house,69,0.0
2018-11-01,B,major_purchase,184,0.5434782608695652
2018-11-01,B,medical,122,0.0
2018-11-01,B,moving,48,0.0
2018-11-01,B,other,527,0.0
2018-11-01,B,small_business,76,0.0
2018-11-01,B,vacation,64,0.0
2018-11-01,C,car,76,0.0
2018-11-01,C,credit_card,2390,0.04184100418410042
2018-11-01,C,debt_consolidation,6117,0.04904364884747425
2018-11-01,C,home_improvement,599,0.5008347245409015
2018-11-01,C,house,63,0.0
2018-11-01,C,major_purchase,207,0.0
2018-11-01,C,medical,136,0.7352941176470588
2018-11-01,C,moving,59,0.0
2018-11-01,C,other,602,0.16611295681063123
2018-11-01,C,small_business,93,0.0
2018-11-01,C,vacation,77,0.0
2018-11-01,D,car,57,0.0
2018-11-01,D,credit_card,1022,0.09784735812133072
2018-11-01,D,debt_consolidation,3334,0.029994001199760045
2018-11-01,D,home_improvement,391,0.0
2018-11-01,D,house,60,0.0
2018-11-01,D,major_purchase,138,0.0
2018-11-01,D,medical,118,0.0
2018-11-01,D,moving,40,0.0
2018-11-01,D,other,463,0.0
2018-11-01,D,small_business,78,0.0
2018-11-01,D,vacation,45,0.0
2018-11-01,E,credit_card,250,0.0
2018-11-01,E,debt_consolidation,1217,0.08216926869350863
2018-11-01,E,home_improvement,141,0.0
2018-11-01,E,major_purchase,67,0.0
2018-11-01,E,medical,43,0.0
2018-11-01,E,other,274,0.0
2018-11-01,F,debt_consolidation,38,0.0
2018-12-01,A,car,98,0.0
2018-12-01,A,credit_card,4190,0.02386634844868735
2018-12-01,A,debt_consolidation,5941,0.0
2018-12-01,A,home_improvement,612,0.16339869281045752
2018-12-01,A,house,44,0.0
2018-12-01,A,major_purchase,157,0.0
2018-12-01,A,medical,112,0.0
2018-12-01,A,moving,53,0.0
2018-12-01,A,other,380,0.0
2018-12-01,A,small_business,82,0.0
2018-12-01,A,vacation,48,0.0
2018-12-01,B,car,92,0.0
2018-12-01,B,credit_card,3133,0.06383657835939993
2018-12-01,B,debt_consolidation,6457,0.015487068297971194
2018-12-01,B,home_improvement,633,0.0
2018-12-01,B,house,77,0.0
2018-12-01,B,major_purchase,220,0.9090909090909091
2018-12-01,B,medical,97,0.0
2018-12-01,B,moving,52,0.0
2018-12-01,B,other,597,0.16750418760469013
2018-12-01,B,small_business,78,0.0
2018-12-01,B,vacation,74,0.0
2018-12-01,C,car,70,0.0
2018-12-01,C,credit_card,2186,0.09149130832570906
2018-12-01,C,debt_consolidation,5606,0.01783803068141277
2018-12-01,C,home_improvement,587,0.0
2018-12-01,C,house,81,0.0
2018-12-01,C,major_purchase,181,0.0
2018-12-01,C,medical,126,0.0
2018-12-01,C,moving,51,0.0
2018-12-01,C,other,644,0.0
2018-12-01,C,small_business,97,0.0
2018-12-01,C,vacation,76,0.0
2018-12-01,D,car,52,0.0
2018-12-01,D,credit_card,858,0.0
2018-12-01,D,debt_consolidation,3044,0.0328515111695138
2018-12-01,D,home_improvement,327,0.0
2018-12-01,D,house,55,0.0
2018-12-01,D,major_purchase,120,0.0
2018-12-01,D,medical,80,0.0
2018-12-01,D,moving,37,0.0
2018-12-01,D,other,467,0.0
2018-12-01,D,small_business,58,0.0
2018-12-01,D,vacation,50,0.0
2018-12-01,E,credit_card,236,0.0
2018-12-01,E,debt_consolidation,1104,0.0
2018-12-01,E,home_improvement,122,0.0
2018-12-01,E,major_purchase,61,0.0
2018-12-01,E,medical,45,0.0
2018-12-01,E,other,297,0.33670033670033667
2018-12-01,E,small_business,34,0.0
2018-12-01,E,vacation,40,0.0
