issue_month,grade,purpose,total_cnt,bad_rate,grade_avg_rate,ratio
2015-01-01,A,car,47,6.382978723404255,3.282474302988035,1.9445631966086778
2015-01-01,A,credit_card,2173,5.476300046019328,3.282474302988035,1.6683451386151764
2015-01-01,A,debt_consolidation,3330,5.225225225225225,3.282474302988035,1.591855637824401
2015-01-01,A,home_improvement,274,4.37956204379562,3.282474302988035,1.3342258429285818
2015-01-01,A,major_purchase,91,4.395604395604396,3.282474302988035,1.3391131170785036
2015-01-01,A,other,86,5.813953488372093,3.282474302988035,1.7712106635776714
2015-01-01,B,car,63,6.349206349206349,7.9361682568340015,0.8000342411766426
2015-01-01,B,credit_card,2648,12.197885196374623,7.9361682568340015,1.5369993177590164
2015-01-01,B,debt_consolidation,5499,13.129659938170576,7.9361682568340015,1.6544079602728117
2015-01-01,B,home_improvement,410,10.731707317073171,7.9361682568340015,1.352252997891252
2015-01-01,B,major_purchase,125,12.0,7.9361682568340015,1.5120647158238545
2015-01-01,B,medical,46,8.695652173913043,7.9361682568340015,1.0956990694375757
2015-01-01,B,other,285,8.070175438596491,7.9361682568340015,1.016885627600838
2015-01-01,B,vacation,31,9.67741935483871,7.9361682568340015,1.2194070288902052
2015-01-01,C,car,63,9.523809523809524,13.199692948113462,0.7215175050848962
2015-01-01,C,credit_card,1937,21.06350025813113,13.199692948113462,1.595756836233193
2015-01-01,C,debt_consolidation,6603,19.157958503710436,13.199692948113462,1.4513942543222982
2015-01-01,C,home_improvement,417,17.26618705035971,13.199692948113462,1.3080749013049917
2015-01-01,C,major_purchase,132,19.696969696969695,13.199692948113462,1.4922293855164899
2015-01-01,C,medical,105,19.047619047619047,13.199692948113462,1.4430350101697924
2015-01-01,C,moving,63,14.285714285714285,13.199692948113462,1.0822762576273444
2015-01-01,C,other,498,15.863453815261044,13.199692948113462,1.2018047599757458
2015-01-01,C,small_business,72,13.88888888888889,13.199692948113462,1.0522130282488071
2015-01-01,C,vacation,57,14.035087719298245,13.199692948113462,1.0632889548619522
2015-01-01,D,credit_card,781,29.321382842509603,18.88392967228072,1.5527161640275424
2015-01-01,D,debt_consolidation,4126,26.90256907416384,18.88392967228072,1.424627688253547
2015-01-01,D,home_improvement,258,29.457364341085274,18.88392967228072,1.559917075116259
2015-01-01,D,house,34,11.76470588235294,18.88392967228072,0.6230009371207349
2015-01-01,D,major_purchase,87,33.33333333333333,18.88392967228072,1.765169321842082
2015-01-01,D,medical,67,23.88059701492537,18.88392967228072,1.2645989171405962
2015-01-01,D,moving,53,22.641509433962266,18.88392967228072,1.1989829355908486
2015-01-01,D,other,367,23.705722070844686,18.88392967228072,1.255338400547094
2015-01-01,D,small_business,80,28.749999999999996,18.88392967228072,1.522458540088796
2015-01-01,D,vacation,40,22.5,18.88392967228072,1.1914892922434057
2015-01-01,E,credit_card,339,32.743362831858406,26.68775204771489,1.226905989433532
2015-01-01,E,debt_consolidation,2028,35.84812623274162,26.68775204771489,1.3432426293772868
2015-01-01,E,home_improvement,153,31.372549019607842,26.68775204771489,1.17554108579535
2015-01-01,E,major_purchase,50,34.0,26.68775204771489,1.2739926517307107
2015-01-01,E,other,179,34.63687150837989,26.68775204771489,1.2978564641357881
2015-01-01,E,small_business,58,36.206896551724135,26.68775204771489,1.356685886731487
2015-01-01,F,credit_card,68,35.294117647058826,34.89234449760766,1.0115146504265058
2015-01-01,F,debt_consolidation,602,42.857142857142854,34.89234449760766,1.228267789803614
2015-01-01,F,home_improvement,54,42.592592592592595,34.89234449760766,1.220685889866555
2015-01-01,F,other,58,39.6551724137931,34.89234449760766,1.1365006560826545
2015-01-01,G,debt_consolidation,161,47.20496894409938,38.06706114398422,1.2400476297750458
2015-02-01,A,car,46,4.3478260869565215,3.282474302988035,1.3245575397189544
2015-02-01,A,credit_card,1633,5.695039804041642,3.282474302988035,1.73498381963187
2015-02-01,A,debt_consolidation,2306,5.85429314830876,3.282474302988035,1.7835000697429981
2015-02-01,A,home_improvement,226,4.867256637168142,3.282474302988035,1.4828011395968825
2015-02-01,A,major_purchase,72,2.7777777777777777,3.282474302988035,0.8462450948204431
2015-02-01,A,other,73,4.10958904109589,3.282474302988035,1.2519790443918883
2015-02-01,B,car,62,12.903225806451612,7.9361682568340015,1.6258760385202737
2015-02-01,B,credit_card,1878,11.022364217252397,7.9361682568340015,1.3888773348222307
2015-02-01,B,debt_consolidation,3743,11.995725353994123,7.9361682568340015,1.5115260873740108
2015-02-01,B,home_improvement,284,10.915492957746478,7.9361682568340015,1.3754109797693512
2015-02-01,B,major_purchase,78,16.666666666666664,7.9361682568340015,2.1000898830886867
2015-02-01,B,medical,35,5.714285714285714,7.9361682568340015,0.7200308170589784
2015-02-01,B,other,182,8.241758241758241,7.9361682568340015,1.0385059861427572
2015-02-01,C,car,52,26.923076923076923,13.199692948113462,2.0396744855284568
2015-02-01,C,credit_card,1376,18.459302325581394,13.199692948113462,1.3984645247539376
2015-02-01,C,debt_consolidation,4298,19.14844113541182,13.199692948113462,1.45067322480017
2015-02-01,C,home_improvement,310,12.580645161290322,13.199692948113462,0.9531013494589193
2015-02-01,C,major_purchase,115,13.043478260869565,13.199692948113462,0.9881652787032273
2015-02-01,C,medical,63,17.46031746031746,13.199692948113462,1.322782092655643
2015-02-01,C,moving,48,6.25,13.199692948113462,0.47349586271196314
2015-02-01,C,other,319,15.673981191222571,13.199692948113462,1.1874504394030425
2015-02-01,C,small_business,51,23.52941176470588,13.199692948113462,1.7825726596215081
2015-02-01,C,vacation,54,12.962962962962962,13.199692948113462,0.9820654930322198
2015-02-01,D,credit_card,542,29.88929889298893,18.88392967228072,1.5827902037181771
2015-02-01,D,debt_consolidation,2509,27.580709445994422,18.88392967228072,1.4605386656612847
2015-02-01,D,home_improvement,155,28.387096774193548,18.88392967228072,1.5032409708590637
2015-02-01,D,major_purchase,69,21.73913043478261,18.88392967228072,1.1511973838100538
2015-02-01,D,medical,41,26.82926829268293,18.88392967228072,1.4207460395314324
2015-02-01,D,moving,39,30.76923076923077,18.88392967228072,1.6293870663157684
2015-02-01,D,other,226,21.238938053097346,18.88392967228072,1.1247096563949552
2015-02-01,D,small_business,80,26.25,18.88392967228072,1.39007084095064
2015-02-01,E,credit_card,213,34.27230046948357,26.68775204771489,1.2841958516479133
2015-02-01,E,debt_consolidation,1398,34.26323319027182,26.68775204771489,1.2838560973218263
2015-02-01,E,home_improvement,108,32.407407407407405,26.68775204771489,1.2143176146670718
2015-02-01,E,major_purchase,32,34.375,26.68775204771489,1.2880440412718583
2015-02-01,E,other,118,28.8135593220339,26.68775204771489,1.0796547896022972
2015-02-01,E,small_business,58,32.758620689655174,26.68775204771489,1.227477707042774
2015-02-01,F,credit_card,44,45.45454545454545,34.89234449760766,1.302708261912924
2015-02-01,F,debt_consolidation,330,43.63636363636363,34.89234449760766,1.2505999314364071
2015-02-01,F,home_improvement,32,31.25,34.89234449760766,0.8956119300651353
2015-02-01,F,other,31,45.16129032258064,34.89234449760766,1.2943036924812277
2015-02-01,G,debt_consolidation,92,55.434782608695656,38.06706114398422,1.4562401441766166
2015-03-01,A,car,48,12.5,3.282474302988035,3.808102926691994
2015-03-01,A,credit_card,1634,5.997552019583844,3.282474302988035,1.8271436319011771
2015-03-01,A,debt_consolidation,2111,7.010895310279489,3.282474302988035,2.1358568759845196
2015-03-01,A,home_improvement,261,3.8314176245210727,3.282474302988035,1.1672346135454388
2015-03-01,A,major_purchase,77,3.896103896103896,3.282474302988035,1.1869411719559462
2015-03-01,A,other,77,3.896103896103896,3.282474302988035,1.1869411719559462
2015-03-01,B,car,60,5.0,7.9361682568340015,0.630026964926606
2015-03-01,B,credit_card,1998,12.762762762762764,7.9361682568340015,1.6081769375003458
2015-03-01,B,debt_consolidation,3979,11.384770042724304,7.9361682568340015,1.434542423280988
2015-03-01,B,home_improvement,379,10.29023746701847,7.9361682568340015,1.2966254159439385
2015-03-01,B,major_purchase,128,10.9375,7.9361682568340015,1.378183985776951
2015-03-01,B,medical,53,11.320754716981133,7.9361682568340015,1.4264761470036365
2015-03-01,B,other,236,10.16949152542373,7.9361682568340015,1.281410776121911
2015-03-01,C,car,61,24.59016393442623,13.199692948113462,1.86293454181756
2015-03-01,C,credit_card,1512,21.164021164021165,13.199692948113462,1.6033722335219918
2015-03-01,C,debt_consolidation,4613,20.18209408194234,13.199692948113462,1.5289820877861269
2015-03-01,C,home_improvement,425,19.52941176470588,13.199692948113462,1.4795353074858517
2015-03-01,C,major_purchase,117,20.51282051282051,13.199692948113462,1.5540377032597763
2015-03-01,C,medical,73,32.87671232876712,13.199692948113462,2.4907179627588194
2015-03-01,C,moving,48,22.916666666666664,13.199692948113462,1.7361514966105314
2015-03-01,C,other,394,16.49746192893401,13.199692948113462,1.24983679497574
2015-03-01,C,small_business,65,24.615384615384617,13.199692948113462,1.8648452439117318
2015-03-01,C,vacation,55,18.181818181818183,13.199692948113462,1.3774425097075294
2015-03-01,D,credit_card,591,30.456852791878177,18.88392967228072,1.6128450656425122
2015-03-01,D,debt_consolidation,2621,29.835940480732543,18.88392967228072,1.5799646047468618
2015-03-01,D,home_improvement,239,25.94142259414226,18.88392967228072,1.373730099843629
2015-03-01,D,major_purchase,65,24.615384615384617,18.88392967228072,1.3035096530526147
2015-03-01,D,medical,55,32.72727272727273,18.88392967228072,1.7330753341722263
2015-03-01,D,moving,39,20.51282051282051,18.88392967228072,1.086258044210512
2015-03-01,D,other,260,20.0,18.88392967228072,1.0591015931052494
2015-03-01,D,small_business,59,28.8135593220339,18.88392967228072,1.5258243290499358
2015-03-01,E,credit_card,223,31.838565022421523,26.68775204771489,1.1930028788298663
2015-03-01,E,debt_consolidation,1478,36.129905277401896,26.68775204771489,1.3538009950334307
2015-03-01,E,home_improvement,131,22.137404580152673,26.68775204771489,0.8294967871618907
2015-03-01,E,other,148,32.432432432432435,26.68775204771489,1.2152553116668148
2015-03-01,E,small_business,48,27.083333333333332,26.68775204771489,1.014822577971767
2015-03-01,F,credit_card,44,43.18181818181818,34.89234449760766,1.237572848817278
2015-03-01,F,debt_consolidation,424,45.28301886792453,34.89234449760766,1.2977923816792905
2015-03-01,F,home_improvement,38,36.84210526315789,34.89234449760766,1.055879328076791
2015-03-01,F,other,30,46.666666666666664,34.89234449760766,1.3374471488972686
2015-03-01,G,debt_consolidation,82,39.02439024390244,38.06706114398422,1.0251484898268672
2015-04-01,A,car,72,5.555555555555555,3.282474302988035,1.6924901896408862
2015-04-01,A,credit_card,2171,6.310456011054813,3.282474302988035,1.9224692803567136
2015-04-01,A,debt_consolidation,3198,6.035021888680426,3.282474302988035,1.8385587613547338
2015-04-01,A,home_improvement,439,5.239179954441914,3.282474302988035,1.5961069214381025
2015-04-01,A,major_purchase,120,7.5,3.282474302988035,2.2848617560151965
2015-04-01,A,other,123,6.504065040650407,3.282474302988035,1.9814519293356718
2015-04-01,B,car,76,13.157894736842104,7.9361682568340015,1.657965697175279
2015-04-01,B,credit_card,2586,12.37432327919567,7.9361682568340015,1.559231467722459
2015-04-01,B,debt_consolidation,5462,12.486268766019773,7.9361682568340015,1.5733372027826633
2015-04-01,B,home_improvement,606,11.221122112211221,7.9361682568340015,1.4139219014854525
2015-04-01,B,major_purchase,156,11.538461538461538,7.9361682568340015,1.4539083805998603
2015-04-01,B,medical,69,10.144927536231885,7.9361682568340015,1.2783155810105051
2015-04-01,B,other,317,10.094637223974763,7.9361682568340015,1.271978730451192
2015-04-01,B,vacation,43,13.953488372093023,7.9361682568340015,1.7582147858416914
2015-04-01,C,car,85,20.0,13.199692948113462,1.515186760678282
2015-04-01,C,credit_card,1998,22.07207207207207,13.199692948113462,1.672165569217023
2015-04-01,C,debt_consolidation,6317,19.53458920373595,13.199692948113462,1.4799275468394808
2015-04-01,C,home_improvement,618,18.284789644012946,13.199692948113462,1.3852435595197887
2015-04-01,C,major_purchase,162,14.19753086419753,13.199692948113462,1.0755955399876693
2015-04-01,C,medical,116,18.96551724137931,13.199692948113462,1.4368150316776813
2015-04-01,C,moving,82,18.29268292682927,13.199692948113462,1.3858415494008678
2015-04-01,C,other,572,15.734265734265735,13.199692948113462,1.1920175564776696
2015-04-01,C,small_business,63,20.634920634920633,13.199692948113462,1.5632879276839418
2015-04-01,C,vacation,64,18.75,13.199692948113462,1.4204875881358894
2015-04-01,D,car,43,25.581395348837212,18.88392967228072,1.3546648283904354
2015-04-01,D,credit_card,759,28.19499341238472,18.88392967228072,1.4930681220324336
2015-04-01,D,debt_consolidation,3674,27.925966249319544,18.88392967228072,1.4788217671828878
2015-04-01,D,home_improvement,329,27.0516717325228,18.88392967228072,1.432523431403757
2015-04-01,D,house,35,14.285714285714285,18.88392967228072,0.756501137932321
2015-04-01,D,major_purchase,92,31.521739130434785,18.88392967228072,1.669236206524578
2015-04-01,D,medical,52,26.923076923076923,18.88392967228072,1.4257136830262973
2015-04-01,D,moving,73,30.136986301369863,18.88392967228072,1.595906510158595
2015-04-01,D,other,369,22.22222222222222,18.88392967228072,1.1767795478947216
2015-04-01,D,small_business,80,27.500000000000004,18.88392967228072,1.456264690519718
2015-04-01,D,vacation,48,16.666666666666664,18.88392967228072,0.882584660921041
2015-04-01,E,credit_card,321,38.31775700934579,26.68775204771489,1.4357806135502786
2015-04-01,E,debt_consolidation,2176,32.44485294117647,26.68775204771489,1.215720712751246
2015-04-01,E,home_improvement,225,30.666666666666664,26.68775204771489,1.1490914113649546
2015-04-01,E,major_purchase,60,23.333333333333332,26.68775204771489,0.8743086825602916
2015-04-01,E,medical,33,21.21212121212121,26.68775204771489,0.7948260750548106
2015-04-01,E,other,184,30.978260869565215,26.68775204771489,1.1607669620947971
2015-04-01,E,small_business,77,27.27272727272727,26.68775204771489,1.021919239356185
2015-04-01,F,credit_card,56,39.285714285714285,34.89234449760766,1.125912140653313
2015-04-01,F,debt_consolidation,581,44.23407917383821,34.89234449760766,1.267730208753128
2015-04-01,F,home_improvement,71,28.169014084507044,34.89234449760766,0.8073121623122347
2015-04-01,F,other,67,37.3134328358209,34.89234449760766,1.0693873791822512
2015-04-01,G,debt_consolidation,112,53.57142857142857,38.06706114398422,1.4072908956328645
2015-05-01,A,car,50,0.0,3.282474302988035,0.0
2015-05-01,A,credit_card,2314,5.358686257562662,3.282474302988035,1.6325143056518834
2015-05-01,A,debt_consolidation,3002,5.7295136575616255,3.282474302988035,1.7454862182305741
2015-05-01,A,home_improvement,356,6.741573033707865,3.282474302988035,2.0538083200136596
2015-05-01,A,major_purchase,90,5.555555555555555,3.282474302988035,1.6924901896408862
2015-05-01,A,other,80,3.75,3.282474302988035,1.1424308780075982
2015-05-01,B,car,60,10.0,7.9361682568340015,1.260053929853212
2015-05-01,B,credit_card,2293,12.734409071085913,7.9361682568340015,1.60460421943802
2015-05-01,B,debt_consolidation,4777,13.12539250575675,7.9361682568340015,1.6538702407744692
2015-05-01,B,home_improvement,481,11.85031185031185,7.9361682568340015,1.4932032016971537
2015-05-01,B,major_purchase,138,10.144927536231885,7.9361682568340015,1.2783155810105051
2015-05-01,B,medical,70,12.857142857142856,7.9361682568340015,1.6200693383827012
2015-05-01,B,other,234,11.11111111111111,7.9361682568340015,1.4000599220591246
2015-05-01,B,vacation,41,19.51219512195122,7.9361682568340015,2.458641814347731
2015-05-01,C,car,78,12.82051282051282,13.199692948113462,0.9712735645373602
2015-05-01,C,credit_card,1706,20.691676436107855,13.199692948113462,1.56758770961147
2015-05-01,C,debt_consolidation,5817,19.06481003953928,13.199692948113462,1.4443373883378157
2015-05-01,C,home_improvement,548,16.970802919708028,13.199692948113462,1.285696795101097
2015-05-01,C,house,31,16.129032258064516,13.199692948113462,1.2219248069986146
2015-05-01,C,major_purchase,144,18.75,13.199692948113462,1.4204875881358894
2015-05-01,C,medical,95,27.368421052631582,13.199692948113462,2.0734134619808073
2015-05-01,C,moving,60,6.666666666666667,13.199692948113462,0.5050622535594274
2015-05-01,C,other,415,18.795180722891565,13.199692948113462,1.4239104497940482
2015-05-01,C,vacation,73,13.698630136986301,13.199692948113462,1.0377991511495082
2015-05-01,D,credit_card,636,33.17610062893082,18.88392967228072,1.756843051456035
2015-05-01,D,debt_consolidation,3301,27.082702211451075,18.88392967228072,1.4341666528871448
2015-05-01,D,home_improvement,261,27.969348659003828,18.88392967228072,1.4811190861433563
2015-05-01,D,house,34,20.588235294117645,18.88392967228072,1.090251639961286
2015-05-01,D,major_purchase,87,31.03448275862069,18.88392967228072,1.6434335065426284
2015-05-01,D,medical,57,21.052631578947366,18.88392967228072,1.114843782216052
2015-05-01,D,moving,61,26.229508196721312,18.88392967228072,1.388985695875737
2015-05-01,D,other,281,30.604982206405694,18.88392967228072,1.6206892705881042
2015-05-01,D,small_business,74,22.972972972972975,18.88392967228072,1.2165356137019758
2015-05-01,D,vacation,42,30.952380952380953,18.88392967228072,1.6390857988533623
2015-05-01,E,credit_card,333,33.933933933933936,26.68775204771489,1.2715171316513896
2015-05-01,E,debt_consolidation,2008,33.764940239043824,26.68775204771489,1.2651848750196595
2015-05-01,E,home_improvement,184,34.23913043478261,26.68775204771489,1.2829529581047758
2015-05-01,E,house,33,18.181818181818183,26.68775204771489,0.6812794929041235
2015-05-01,E,major_purchase,35,34.285714285714285,26.68775204771489,1.2846984723334898
2015-05-01,E,medical,30,26.666666666666668,26.68775204771489,0.9992099229260477
2015-05-01,E,moving,32,25.0,26.68775204771489,0.9367593027431697
2015-05-01,E,other,174,36.206896551724135,26.68775204771489,1.356685886731487
2015-05-01,E,small_business,47,25.53191489361702,26.68775204771489,0.9566903517377052
2015-05-01,F,credit_card,59,40.67796610169492,34.89234449760766,1.1658134954068204
2015-05-01,F,debt_consolidation,624,43.58974358974359,34.89234449760766,1.2492638203985478
2015-05-01,F,home_improvement,56,41.07142857142857,34.89234449760766,1.1770899652284634
2015-05-01,F,other,56,48.214285714285715,34.89234449760766,1.381801263529066
2015-05-01,G,debt_consolidation,125,45.6,38.06706114398422,1.1978860103626945
2015-06-01,A,car,64,7.8125,3.282474302988035,2.3800643291824963
2015-06-01,A,credit_card,1895,5.171503957783641,3.282474302988035,1.575489548562809
2015-06-01,A,debt_consolidation,2584,6.424148606811146,3.282474302988035,1.9571055288881456
2015-06-01,A,home_improvement,324,4.62962962962963,3.282474302988035,1.4104084913674053
2015-06-01,A,major_purchase,87,5.747126436781609,3.282474302988035,1.750851920318158
2015-06-01,A,other,76,3.9473684210526314,3.282474302988035,1.2025588189553664
2015-06-01,B,car,72,11.11111111111111,7.9361682568340015,1.4000599220591246
2015-06-01,B,credit_card,2087,12.2184954480115,7.9361682568340015,1.5395963206160475
2015-06-01,B,debt_consolidation,4294,12.133209129017233,7.9361682568340015,1.5288497844749034
2015-06-01,B,home_improvement,481,9.771309771309772,7.9361682568340015,1.231237727715197
2015-06-01,B,major_purchase,126,14.285714285714285,7.9361682568340015,1.8000770426474457
2015-06-01,B,medical,44,6.8181818181818175,7.9361682568340015,0.8591276794453718
2015-06-01,B,other,208,11.057692307692307,7.9361682568340015,1.3933288647415325
2015-06-01,B,vacation,35,5.714285714285714,7.9361682568340015,0.7200308170589784
2015-06-01,C,car,65,7.6923076923076925,13.199692948113462,0.5827641387224162
2015-06-01,C,credit_card,1554,19.626769626769626,13.199692948113462,1.4869110746681982
2015-06-01,C,debt_consolidation,5165,19.864472410454987,13.199692948113462,1.5049192802090199
2015-06-01,C,home_improvement,436,14.678899082568808,13.199692948113462,1.112063677562042
2015-06-01,C,major_purchase,129,18.6046511627907,13.199692948113462,1.4094760564449136
2015-06-01,C,medical,75,20.0,13.199692948113462,1.515186760678282
2015-06-01,C,moving,66,18.181818181818183,13.199692948113462,1.3774425097075294
2015-06-01,C,other,391,19.18158567774936,13.199692948113462,1.4531842333870992
2015-06-01,C,small_business,65,15.384615384615385,13.199692948113462,1.1655282774448323
2015-06-01,C,vacation,67,17.91044776119403,13.199692948113462,1.3568836662790584
2015-06-01,D,credit_card,578,26.81660899653979,18.88392967228072,1.420075665495793
2015-06-01,D,debt_consolidation,2928,28.722677595628415,18.88392967228072,1.5210116799889255
2015-06-01,D,home_improvement,244,20.491803278688526,18.88392967228072,1.0851450749029197
2015-06-01,D,major_purchase,65,32.30769230769231,18.88392967228072,1.7108564196315568
2015-06-01,D,medical,42,14.285714285714285,18.88392967228072,0.756501137932321
2015-06-01,D,moving,60,35.0,18.88392967228072,1.8534277879341865
2015-06-01,D,other,294,26.53061224489796,18.88392967228072,1.4049306847314533
2015-06-01,D,small_business,52,36.53846153846153,18.88392967228072,1.9348971412499747
2015-06-01,D,vacation,38,18.421052631578945,18.88392967228072,0.9754883094390454
2015-06-01,E,credit_card,292,36.986301369863014,26.68775204771489,1.3858904752912646
2015-06-01,E,debt_consolidation,1834,35.986913849509264,26.68775204771489,1.3484430530217926
2015-06-01,E,home_improvement,168,29.761904761904763,26.68775204771489,1.115189646122821
2015-06-01,E,major_purchase,52,36.53846153846153,26.68775204771489,1.369109750163094
2015-06-01,E,moving,32,28.125,26.68775204771489,1.053854215586066
2015-06-01,E,other,160,36.875,26.68775204771489,1.3817199715461752
2015-06-01,E,small_business,54,29.629629629629626,26.68775204771489,1.1102332476956083
2015-06-01,F,credit_card,66,39.39393939393939,34.89234449760766,1.129013826991201
2015-06-01,F,debt_consolidation,559,42.039355992844364,34.89234449760766,1.204830360302293
2015-06-01,F,home_improvement,59,49.152542372881356,34.89234449760766,1.4086913069499079
2015-06-01,F,other,55,45.45454545454545,34.89234449760766,1.302708261912924
2015-06-01,G,debt_consolidation,91,49.45054945054945,38.06706114398422,1.299037749814952
2015-07-01,A,car,93,4.301075268817205,3.282474302988035,1.3103149855284282
2015-07-01,A,credit_card,2996,4.873164218958611,3.282474302988035,1.4846008739573595
2015-07-01,A,debt_consolidation,3708,5.151024811218987,3.282474302988035,1.5692506127252879
2015-07-01,A,home_improvement,568,4.753521126760563,3.282474302988035,1.4481518171927301
2015-07-01,A,major_purchase,146,5.47945205479452,3.282474302988035,1.6693053925225179
2015-07-01,A,medical,32,3.125,3.282474302988035,0.9520257316729985
2015-07-01,A,other,127,1.574803149606299,3.282474302988035,0.4797609986383614
2015-07-01,B,car,134,9.701492537313433,7.9361682568340015,1.22244037970834
2015-07-01,B,credit_card,3844,11.966701352757545,7.9361682568340015,1.5078689066921893
2015-07-01,B,debt_consolidation,6845,11.541271000730461,7.9361682568340015,1.4542623879971333
2015-07-01,B,home_improvement,788,12.944162436548224,7.9361682568340015,1.631034274683092
2015-07-01,B,major_purchase,207,14.492753623188406,7.9361682568340015,1.826165115729293
2015-07-01,B,medical,99,9.090909090909092,7.9361682568340015,1.1455035725938294
2015-07-01,B,moving,44,6.8181818181818175,7.9361682568340015,0.8591276794453718
2015-07-01,B,other,370,7.027027027027027,7.9361682568340015,0.885443302059014
2015-07-01,B,vacation,72,13.88888888888889,7.9361682568340015,1.7500749025739057
2015-07-01,C,car,111,18.01801801801802,13.199692948113462,1.365033117728182
2015-07-01,C,credit_card,2838,19.45031712473573,13.199692948113462,1.4735431499196823
2015-07-01,C,debt_consolidation,8187,19.885183828020033,13.199692948113462,1.5064883634934918
2015-07-01,C,home_improvement,745,19.06040268456376,13.199692948113462,1.4440034900423897
2015-07-01,C,house,39,17.94871794871795,13.199692948113462,1.3597829903523044
2015-07-01,C,major_purchase,232,18.53448275862069,13.199692948113462,1.4041601445940977
2015-07-01,C,medical,150,16.0,13.199692948113462,1.2121494085426257
2015-07-01,C,moving,121,16.528925619834713,13.199692948113462,1.2522204633704812
2015-07-01,C,other,663,18.250377073906485,13.199692948113462,1.3826364859884774
2015-07-01,C,small_business,70,14.285714285714285,13.199692948113462,1.0822762576273444
2015-07-01,C,vacation,140,12.857142857142856,13.199692948113462,0.9740486318646098
2015-07-01,D,car,39,33.33333333333333,18.88392967228072,1.765169321842082
2015-07-01,D,credit_card,1024,29.8828125,18.88392967228072,1.5824467162607732
2015-07-01,D,debt_consolidation,4595,27.18171926006529,18.88392967228072,1.4394101085837394
2015-07-01,D,home_improvement,387,19.12144702842377,18.88392967228072,1.0125777505140627
2015-07-01,D,house,44,18.181818181818183,18.88392967228072,0.9628196300956814
2015-07-01,D,major_purchase,101,25.742574257425744,18.88392967228072,1.3632000703334894
2015-07-01,D,medical,92,21.73913043478261,18.88392967228072,1.1511973838100538
2015-07-01,D,moving,94,24.46808510638298,18.88392967228072,1.295709395820252
2015-07-01,D,other,447,26.845637583892618,18.88392967228072,1.4216128766513416
2015-07-01,D,small_business,93,20.43010752688172,18.88392967228072,1.081877971451599
2015-07-01,D,vacation,76,23.684210526315788,18.88392967228072,1.2541992549930585
2015-07-01,E,credit_card,460,35.0,26.68775204771489,1.3114630238404374
2015-07-01,E,debt_consolidation,2830,34.55830388692579,26.68775204771489,1.294912506124127
2015-07-01,E,home_improvement,252,34.523809523809526,26.68775204771489,1.2936199895024725
2015-07-01,E,house,39,12.82051282051282,26.68775204771489,0.48038938602213827
2015-07-01,E,major_purchase,56,33.92857142857143,26.68775204771489,1.2713161965800162
2015-07-01,E,medical,42,38.095238095238095,26.68775204771489,1.4274427470372109
2015-07-01,E,moving,39,38.46153846153847,26.68775204771489,1.441168158066415
2015-07-01,E,other,243,27.160493827160494,26.68775204771489,1.017713810387641
2015-07-01,E,small_business,61,29.508196721311474,26.68775204771489,1.1056831114345609
2015-07-01,F,credit_card,89,46.06741573033708,34.89234449760766,1.3202728676915254
2015-07-01,F,debt_consolidation,819,44.2002442002442,34.89234449760766,1.2667605125609924
2015-07-01,F,home_improvement,98,39.795918367346935,34.89234449760766,1.140534376246213
2015-07-01,F,other,92,46.73913043478261,34.89234449760766,1.3395239301843762
2015-07-01,G,debt_consolidation,151,45.033112582781456,38.06706114398422,1.1829942010088186
2015-08-01,A,car,51,3.9215686274509802,3.282474302988035,1.1946989573935667
2015-08-01,A,credit_card,2443,5.5259926320098245,3.282474302988035,1.6834838971868007
2015-08-01,A,debt_consolidation,2880,5.520833333333333,3.282474302988035,1.6819121259556307
2015-08-01,A,home_improvement,380,3.421052631578948,3.282474302988035,1.042217643094651
2015-08-01,A,major_purchase,118,7.627118644067797,3.282474302988035,2.323588226456132
2015-08-01,A,medical,30,16.666666666666664,3.282474302988035,5.077470568922658
2015-08-01,A,other,96,5.208333333333334,3.282474302988035,1.586709552788331
2015-08-01,B,car,87,11.494252873563218,7.9361682568340015,1.448337850405991
2015-08-01,B,credit_card,3278,11.439902379499694,7.9361682568340015,1.4414893950425702
2015-08-01,B,debt_consolidation,5627,9.987559978674248,7.9361682568340015,1.2584864200773151
2015-08-01,B,home_improvement,586,10.580204778156997,7.9361682568340015,1.3331628609368456
2015-08-01,B,major_purchase,214,12.149532710280374,7.9361682568340015,1.5309066437468932
2015-08-01,B,medical,76,7.894736842105263,7.9361682568340015,0.9947794183051675
2015-08-01,B,other,305,10.491803278688524,7.9361682568340015,1.3220237952558291
2015-08-01,B,vacation,43,9.30232558139535,7.9361682568340015,1.1721431905611277
2015-08-01,C,car,73,16.43835616438356,13.199692948113462,1.2453589813794097
2015-08-01,C,credit_card,2246,20.035618878005344,13.199692948113462,1.5178852232974778
2015-08-01,C,debt_consolidation,6168,18.56355382619974,13.199692948113462,1.4063625494298257
2015-08-01,C,home_improvement,606,18.316831683168317,13.199692948113462,1.3876710431954564
2015-08-01,C,house,31,6.451612903225806,13.199692948113462,0.4887699227994458
2015-08-01,C,major_purchase,178,19.662921348314608,13.199692948113462,1.4896499051612324
2015-08-01,C,medical,110,15.454545454545453,13.199692948113462,1.1708261332513996
2015-08-01,C,moving,64,14.0625,13.199692948113462,1.0653656911019171
2015-08-01,C,other,527,17.836812144212523,13.199692948113462,1.3513050806808207
2015-08-01,C,small_business,64,14.0625,13.199692948113462,1.0653656911019171
2015-08-01,C,vacation,68,19.11764705882353,13.199692948113462,1.4483402859424754
2015-08-01,D,car,37,21.62162162162162,18.88392967228072,1.1449746952489184
2015-08-01,D,credit_card,838,28.997613365155132,18.88392967228072,1.5355709255642938
2015-08-01,D,debt_consolidation,3357,28.358653559725944,18.88392967228072,1.50173475817128
2015-08-01,D,home_improvement,299,22.40802675585284,18.88392967228072,1.18661884177344
2015-08-01,D,house,30,30.0,18.88392967228072,1.5886523896578741
2015-08-01,D,major_purchase,81,27.160493827160494,18.88392967228072,1.4382861140935486
2015-08-01,D,medical,57,38.59649122807017,18.88392967228072,2.043880267396095
2015-08-01,D,moving,60,23.333333333333332,18.88392967228072,1.2356185252894576
2015-08-01,D,other,371,23.450134770889488,18.88392967228072,1.241803754719093
2015-08-01,D,small_business,79,18.9873417721519,18.88392967228072,1.0054761959859964
2015-08-01,D,vacation,56,23.214285714285715,18.88392967228072,1.2293143491400218
2015-08-01,E,credit_card,371,38.00539083557952,26.68775204771489,1.4240761367847647
2015-08-01,E,debt_consolidation,2103,36.66191155492154,26.68775204771489,1.3737354682168021
2015-08-01,E,home_improvement,196,26.53061224489796,26.68775204771489,0.9941119131152004
2015-08-01,E,major_purchase,63,33.33333333333333,26.68775204771489,1.2490124036575594
2015-08-01,E,medical,36,33.33333333333333,26.68775204771489,1.2490124036575594
2015-08-01,E,moving,35,25.71428571428571,26.68775204771489,0.9635238542501173
2015-08-01,E,other,188,29.78723404255319,26.68775204771489,1.1161387436939894
2015-08-01,E,small_business,60,41.66666666666667,26.68775204771489,1.5612655045719497
2015-08-01,F,credit_card,56,55.35714285714286,34.89234449760766,1.5865125618296685
2015-08-01,F,debt_consolidation,574,42.508710801393725,34.89234449760766,1.2182818728133407
2015-08-01,F,home_improvement,73,42.465753424657535,34.89234449760766,1.2170507323624853
2015-08-01,F,other,72,36.11111111111111,34.89234449760766,1.0349293414086007
2015-08-01,F,small_business,32,46.875,34.89234449760766,1.343417895097703
2015-08-01,G,debt_consolidation,112,48.214285714285715,38.06706114398422,1.2665618060695782
2015-09-01,A,car,49,2.0408163265306123,3.282474302988035,0.6217310900721623
2015-09-01,A,credit_card,1792,4.520089285714286,3.282474302988035,1.3770372190270157
2015-09-01,A,debt_consolidation,2388,4.941373534338359,3.282474302988035,1.5053807214393813
2015-09-01,A,home_improvement,371,4.5822102425876015,3.282474302988035,1.3959622588412701
2015-09-01,A,major_purchase,136,4.411764705882353,3.282474302988035,1.3440363270677627
2015-09-01,A,other,103,5.825242718446602,3.282474302988035,1.7746499075846185
2015-09-01,B,car,67,10.44776119402985,7.9361682568340015,1.31647425507052
2015-09-01,B,credit_card,2424,11.922442244224422,7.9361682568340015,1.5022920203282935
2015-09-01,B,debt_consolidation,4364,11.801099908340971,7.9361682568340015,1.4870022316095421
2015-09-01,B,home_improvement,563,12.078152753108348,7.9361682568340015,1.521912384192157
2015-09-01,B,major_purchase,133,9.022556390977442,7.9361682568340015,1.136890763777334
2015-09-01,B,medical,57,10.526315789473683,7.9361682568340015,1.3263725577402232
2015-09-01,B,other,244,13.934426229508196,7.9361682568340015,1.755812853074148
2015-09-01,C,car,62,24.193548387096776,13.199692948113462,1.832887210497922
2015-09-01,C,credit_card,1800,20.11111111111111,13.199692948113462,1.5236044649042726
2015-09-01,C,debt_consolidation,4744,20.299325463743674,13.199692948113462,1.5378634596681973
2015-09-01,C,home_improvement,520,19.615384615384617,13.199692948113462,1.4860485537421613
2015-09-01,C,major_purchase,138,18.115942028985508,13.199692948113462,1.3724517759767048
2015-09-01,C,medical,97,20.618556701030926,13.199692948113462,1.5620482068848267
2015-09-01,C,moving,69,21.73913043478261,13.199692948113462,1.6469421311720458
2015-09-01,C,other,448,17.410714285714285,13.199692948113462,1.3190241889833259
2015-09-01,C,small_business,53,24.528301886792452,13.199692948113462,1.8582479140394024
2015-09-01,C,vacation,60,13.333333333333334,13.199692948113462,1.0101245071188547
2015-09-01,D,credit_card,710,28.732394366197184,18.88392967228072,1.5215262323483867
2015-09-01,D,debt_consolidation,2776,26.476945244956774,18.88392967228072,1.402088744474709
2015-09-01,D,home_improvement,223,19.282511210762333,18.88392967228072,1.021106917119411
2015-09-01,D,major_purchase,71,30.985915492957744,18.88392967228072,1.6408616231208089
2015-09-01,D,medical,61,19.672131147540984,18.88392967228072,1.0417392719068028
2015-09-01,D,moving,51,29.411764705882355,18.88392967228072,1.5575023428018375
2015-09-01,D,other,283,22.968197879858657,18.88392967228072,1.216282748265746
2015-09-01,D,small_business,64,18.75,18.88392967228072,0.9929077435361714
2015-09-01,D,vacation,32,34.375,18.88392967228072,1.8203308631496475
2015-09-01,E,credit_card,342,38.88888888888889,26.68775204771489,1.4571811376004864
2015-09-01,E,debt_consolidation,1777,33.258300506471585,26.68775204771489,1.2462008957146051
2015-09-01,E,home_improvement,149,26.845637583892618,26.68775204771489,1.0059160297913232
2015-09-01,E,major_purchase,38,39.473684210526315,26.68775204771489,1.4790936359102678
2015-09-01,E,medical,32,34.375,26.68775204771489,1.2880440412718583
2015-09-01,E,other,157,27.388535031847134,26.68775204771489,1.0262585991836
2015-09-01,E,small_business,63,34.92063492063492,26.68775204771489,1.3084891847841098
2015-09-01,F,credit_card,46,32.608695652173914,34.89234449760766,0.934551579198402
2015-09-01,F,debt_consolidation,481,46.98544698544699,34.89234449760766,1.3465832595074967
2015-09-01,F,home_improvement,45,44.44444444444444,34.89234449760766,1.27375918942597
2015-09-01,F,other,60,41.66666666666667,34.89234449760766,1.1941492400868472
2015-09-01,G,debt_consolidation,81,51.85185185185185,38.06706114398422,1.362118595279217
2015-10-01,A,car,108,3.7037037037037033,3.282474302988035,1.128326793093924
2015-10-01,A,credit_card,3285,5.6316590563165905,3.282474302988035,1.7156749867592545
2015-10-01,A,debt_consolidation,4239,5.119131870724227,3.282474302988035,1.5595344847221753
2015-10-01,A,home_improvement,675,5.185185185185185,3.282474302988035,1.5796575103314938
2015-10-01,A,major_purchase,189,3.1746031746031744,3.282474302988035,0.9671372512233635
2015-10-01,A,medical,53,3.7735849056603774,3.282474302988035,1.1496159778692812
2015-10-01,A,other,164,3.048780487804878,3.282474302988035,0.9288055918760961
2015-10-01,B,car,148,6.756756756756757,7.9361682568340015,0.8513877904413596
2015-10-01,B,credit_card,4555,10.976948408342482,7.9361682568340015,1.3831546979727907
2015-10-01,B,debt_consolidation,8031,11.654837504669405,7.9361682568340015,1.468572379955929
2015-10-01,B,home_improvement,928,11.422413793103448,7.9361682568340015,1.4392857388409535
2015-10-01,B,major_purchase,226,7.964601769911504,7.9361682568340015,1.003582775989284
2015-10-01,B,medical,124,8.064516129032258,7.9361682568340015,1.0161725240751711
2015-10-01,B,moving,42,14.285714285714285,7.9361682568340015,1.8000770426474457
2015-10-01,B,other,526,10.456273764258556,7.9361682568340015,1.3175468848275034
2015-10-01,B,small_business,45,4.444444444444445,7.9361682568340015,0.5600239688236499
2015-10-01,B,vacation,44,6.8181818181818175,7.9361682568340015,0.8591276794453718
2015-10-01,C,car,111,11.711711711711711,13.199692948113462,0.8872715265233183
2015-10-01,C,credit_card,3028,18.59313077939234,13.199692948113462,1.408603279824757
2015-10-01,C,debt_consolidation,8380,19.737470167064437,13.199692948113462,1.4952976743209299
2015-10-01,C,home_improvement,839,16.924910607866508,13.199692948113462,1.2822200239351373
2015-10-01,C,house,45,20.0,13.199692948113462,1.515186760678282
2015-10-01,C,major_purchase,252,20.634920634920633,13.199692948113462,1.5632879276839418
2015-10-01,C,medical,171,18.128654970760234,13.199692948113462,1.3734149000300218
2015-10-01,C,moving,89,11.235955056179774,13.199692948113462,0.8512285172349898
2015-10-01,C,other,747,18.340026773761714,13.199692948113462,1.3894282879044488
2015-10-01,C,small_business,104,16.346153846153847,13.199692948113462,1.2383737947851345
2015-10-01,C,vacation,102,17.647058823529413,13.199692948113462,1.3369294947161314
2015-10-01,D,car,34,38.23529411764706,18.88392967228072,2.0247530456423886
2015-10-01,D,credit_card,1056,28.97727272727273,18.88392967228072,1.5344937854649923
2015-10-01,D,debt_consolidation,4158,26.334776334776333,18.88392967228072,1.3945601785116017
2015-10-01,D,home_improvement,419,25.059665871121716,18.88392967228072,1.3270366023395128
2015-10-01,D,house,37,27.027027027027028,18.88392967228072,1.431218369061148
2015-10-01,D,major_purchase,103,22.330097087378643,18.88392967228072,1.1824920699718806
2015-10-01,D,medical,112,28.57142857142857,18.88392967228072,1.513002275864642
2015-10-01,D,moving,65,24.615384615384617,18.88392967228072,1.3035096530526147
2015-10-01,D,other,479,24.008350730688935,18.88392967228072,1.2713641253351116
2015-10-01,D,small_business,102,29.411764705882355,18.88392967228072,1.5575023428018375
2015-10-01,D,vacation,42,14.285714285714285,18.88392967228072,0.756501137932321
2015-10-01,E,credit_card,404,33.910891089108915,26.68775204771489,1.2706537076813293
2015-10-01,E,debt_consolidation,2439,33.82533825338253,26.68775204771489,1.2674480110916195
2015-10-01,E,home_improvement,209,23.444976076555022,26.68775204771489,0.878491977692159
2015-10-01,E,major_purchase,73,36.986301369863014,26.68775204771489,1.3858904752912646
2015-10-01,E,medical,43,27.906976744186046,26.68775204771489,1.0456848030621428
2015-10-01,E,other,216,34.25925925925926,26.68775204771489,1.2837071926480472
2015-10-01,E,small_business,68,35.294117647058826,26.68775204771489,1.3224837215197691
2015-10-01,F,credit_card,66,50.0,34.89234449760766,1.4329790881042166
2015-10-01,F,debt_consolidation,656,42.68292682926829,34.89234449760766,1.2232748313084774
2015-10-01,F,home_improvement,62,38.70967741935484,34.89234449760766,1.1094031649839096
2015-10-01,F,other,61,34.42622950819672,34.89234449760766,0.9866413393504441
2015-10-01,G,debt_consolidation,141,52.4822695035461,38.06706114398422,1.3786793076838277
2015-11-01,A,car,71,4.225352112676056,3.282474302988035,1.2872460597268711
2015-11-01,A,credit_card,2505,5.30938123752495,3.282474302988035,1.617493618363386
2015-11-01,A,debt_consolidation,3084,5.382619974059663,3.282474302988035,1.6398056701189911
2015-11-01,A,home_improvement,502,6.573705179282868,3.282474302988035,2.0026676745949925
2015-11-01,A,major_purchase,134,7.462686567164178,3.282474302988035,2.273494284592235
2015-11-01,A,medical,34,0.0,3.282474302988035,0.0
2015-11-01,A,other,153,5.228758169934641,3.282474302988035,1.5929319431914224
2015-11-01,B,car,99,9.090909090909092,7.9361682568340015,1.1455035725938294
2015-11-01,B,credit_card,3529,11.079625956361577,7.9361682568340015,1.3960926227617059
2015-11-01,B,debt_consolidation,6299,12.09715827909192,7.9361682568340015,1.5243071829626094
2015-11-01,B,home_improvement,782,11.508951406649617,7.9361682568340015,1.4501899448438504
2015-11-01,B,major_purchase,221,10.85972850678733,7.9361682568340015,1.3683843582116333
2015-11-01,B,medical,108,11.11111111111111,7.9361682568340015,1.4000599220591246
2015-11-01,B,moving,45,13.333333333333334,7.9361682568340015,1.6800719064709497
2015-11-01,B,other,472,12.076271186440678,7.9361682568340015,1.5216752966447689
2015-11-01,B,vacation,53,13.20754716981132,7.9361682568340015,1.6642221715042425
2015-11-01,C,car,83,20.481927710843372,13.199692948113462,1.5516972850319755
2015-11-01,C,credit_card,2356,19.482173174872667,13.199692948113462,1.475956543190432
2015-11-01,C,debt_consolidation,6563,20.874600030473868,13.199692948113462,1.5814458800314235
2015-11-01,C,home_improvement,677,19.64549483013294,13.199692948113462,1.4883296836795532
2015-11-01,C,major_purchase,235,12.76595744680851,13.199692948113462,0.967140485539329
2015-11-01,C,medical,147,17.006802721088434,13.199692948113462,1.2884241162230288
2015-11-01,C,moving,80,23.75,13.199692948113462,1.79928427830546
2015-11-01,C,other,728,18.269230769230766,13.199692948113462,1.3840648294657383
2015-11-01,C,small_business,121,21.487603305785125,13.199692948113462,1.6278866023816254
2015-11-01,C,vacation,65,20.0,13.199692948113462,1.515186760678282
2015-11-01,D,car,35,28.57142857142857,18.88392967228072,1.513002275864642
2015-11-01,D,credit_card,731,27.49658002735978,18.88392967228072,1.4560835855961363
2015-11-01,D,debt_consolidation,3139,28.098120420516086,18.88392967228072,1.4879382050315864
2015-11-01,D,home_improvement,302,26.490066225165563,18.88392967228072,1.4027835670268205
2015-11-01,D,major_purchase,88,29.545454545454547,18.88392967228072,1.5645818989054823
2015-11-01,D,medical,69,37.68115942028986,18.88392967228072,1.9954087986040934
2015-11-01,D,moving,55,23.636363636363637,18.88392967228072,1.2516655191243857
2015-11-01,D,other,317,23.34384858044164,18.88392967228072,1.236175361037673
2015-11-01,D,small_business,67,31.343283582089555,18.88392967228072,1.6597860787470329
2015-11-01,D,vacation,32,12.5,18.88392967228072,0.6619384956907809
2015-11-01,E,credit_card,284,33.098591549295776,26.68775204771489,1.240216541659971
2015-11-01,E,debt_consolidation,1779,35.413153456998316,26.68775204771489,1.3269440376125845
2015-11-01,E,home_improvement,187,27.807486631016044,26.68775204771489,1.0419568715004242
2015-11-01,E,major_purchase,48,39.58333333333333,26.68775204771489,1.4832022293433518
2015-11-01,E,medical,31,38.70967741935484,26.68775204771489,1.4504660171507144
2015-11-01,E,other,169,36.68639053254438,26.68775204771489,1.3746527046171957
2015-11-01,E,small_business,48,35.41666666666667,26.68775204771489,1.3270756788861573
2015-11-01,F,credit_card,58,39.6551724137931,34.89234449760766,1.1365006560826545
2015-11-01,F,debt_consolidation,429,40.55944055944056,34.89234449760766,1.1624166029376861
2015-11-01,F,home_improvement,54,42.592592592592595,34.89234449760766,1.220685889866555
2015-11-01,F,other,50,42.0,34.89234449760766,1.203702434007542
2015-11-01,G,debt_consolidation,94,47.87234042553192,38.06706114398422,1.2575790982251132
2015-12-01,A,car,73,1.36986301369863,3.282474302988035,0.41732634813062947
2015-12-01,A,credit_card,2897,4.832585433206766,3.282474302988035,1.4722386185347027
2015-12-01,A,debt_consolidation,3610,5.540166204986149,3.282474302988035,1.6878018511654265
2015-12-01,A,home_improvement,576,4.6875,3.282474302988035,1.4280385975094978
2015-12-01,A,major_purchase,193,6.7357512953367875,3.282474302988035,2.0520347376993127
2015-12-01,A,medical,42,0.0,3.282474302988035,0.0
2015-12-01,A,other,184,5.434782608695652,3.282474302988035,1.655696924648693
2015-12-01,B,car,135,8.88888888888889,7.9361682568340015,1.1200479376472998
2015-12-01,B,credit_card,4098,13.250366032210833,7.9361682568340015,1.6696175790880774
2015-12-01,B,debt_consolidation,7153,12.819795889836433,7.9361682568340015,1.6153634190904453
2015-12-01,B,home_improvement,786,12.849872773536896,7.9361682568340015,1.619153268640896
2015-12-01,B,major_purchase,278,12.23021582733813,7.9361682568340015,1.5410731516190366
2015-12-01,B,medical,126,13.492063492063492,7.9361682568340015,1.7000727625003655
2015-12-01,B,moving,46,8.695652173913043,7.9361682568340015,1.0956990694375757
2015-12-01,B,other,611,9.165302782324058,7.9361682568340015,1.154877578916201
2015-12-01,B,small_business,48,16.666666666666664,7.9361682568340015,2.1000898830886867
2015-12-01,B,vacation,62,12.903225806451612,7.9361682568340015,1.6258760385202737
2015-12-01,C,car,111,16.216216216216218,13.199692948113462,1.228529805955364
2015-12-01,C,credit_card,2798,20.335954253037883,13.199692948113462,1.5406384324981102
2015-12-01,C,debt_consolidation,7525,20.372093023255815,13.199692948113462,1.5433762818071803
2015-12-01,C,home_improvement,692,21.965317919075144,13.199692948113462,1.6640779452536045
2015-12-01,C,house,50,8.0,13.199692948113462,0.6060747042713128
2015-12-01,C,major_purchase,245,20.816326530612244,13.199692948113462,1.5770311182569874
2015-12-01,C,medical,208,18.75,13.199692948113462,1.4204875881358894
2015-12-01,C,moving,94,15.957446808510639,13.199692948113462,1.2089256069241612
2015-12-01,C,other,940,15.53191489361702,13.199692948113462,1.176687590739517
2015-12-01,C,small_business,160,20.0,13.199692948113462,1.515186760678282
2015-12-01,C,vacation,107,19.626168224299064,13.199692948113462,1.4868655128151365
2015-12-01,D,car,49,24.489795918367346,18.88392967228072,1.2968590935982645
2015-12-01,D,credit_card,927,28.694714131607334,18.88392967228072,1.519530872524252
2015-12-01,D,debt_consolidation,3895,30.860077021822853,18.88392967228072,1.6341978368581642
2015-12-01,D,home_improvement,361,23.545706371191137,18.88392967228072,1.2468647564258477
2015-12-01,D,house,44,36.36363636363637,18.88392967228072,1.9256392601913628
2015-12-01,D,major_purchase,114,31.57894736842105,18.88392967228072,1.672265673324078
2015-12-01,D,medical,88,39.77272727272727,18.88392967228072,2.106167940834303
2015-12-01,D,moving,61,26.229508196721312,18.88392967228072,1.388985695875737
2015-12-01,D,other,468,24.145299145299145,18.88392967228072,1.2786162395394571
2015-12-01,D,small_business,103,27.184466019417474,18.88392967228072,1.4395555634440282
2015-12-01,D,vacation,40,32.5,18.88392967228072,1.7210400887960304
2015-12-01,E,credit_card,349,34.67048710601719,26.68775204771489,1.2991160530879486
2015-12-01,E,debt_consolidation,2122,36.19227144203582,26.68775204771489,1.35613787842932
2015-12-01,E,home_improvement,162,27.77777777777778,26.68775204771489,1.040843669714633
2015-12-01,E,house,34,38.23529411764706,26.68775204771489,1.432690698313083
2015-12-01,E,major_purchase,70,42.857142857142854,26.68775204771489,1.605873090416862
2015-12-01,E,medical,34,35.294117647058826,26.68775204771489,1.3224837215197691
2015-12-01,E,moving,35,42.857142857142854,26.68775204771489,1.605873090416862
2015-12-01,E,other,216,35.18518518518518,26.68775204771489,1.318401981638535
2015-12-01,E,small_business,92,41.30434782608695,26.68775204771489,1.5476892827930628
2015-12-01,F,credit_card,80,45.0,34.89234449760766,1.2896811792937948
2015-12-01,F,debt_consolidation,622,45.98070739549839,34.89234449760766,1.3177878430797618
2015-12-01,F,home_improvement,48,31.25,34.89234449760766,0.8956119300651353
2015-12-01,F,other,61,45.90163934426229,34.89234449760766,1.315521785800592
2015-12-01,F,small_business,43,37.2093023255814,34.89234449760766,1.0664030423101147
2015-12-01,G,debt_consolidation,133,49.62406015037594,38.06706114398422,1.303595777007285
2016-01-01,A,car,79,3.79746835443038,3.282474302988035,1.156892028362125
2016-01-01,A,credit_card,2290,5.545851528384279,3.282474302988035,1.6895338748991553
2016-01-01,A,debt_consolidation,3000,5.933333333333334,3.282474302988035,1.8075795225364666
2016-01-01,A,home_improvement,394,3.807106598984772,3.282474302988035,1.1598283025457852
2016-01-01,A,major_purchase,151,5.298013245033113,3.282474302988035,1.6140303795250837
2016-01-01,A,medical,47,8.51063829787234,3.282474302988035,2.5927509288115704
2016-01-01,A,other,211,3.7914691943127963,3.282474302988035,1.1550643948260078
2016-01-01,B,car,100,10.0,7.9361682568340015,1.260053929853212
2016-01-01,B,credit_card,3055,11.423895253682488,7.9361682568340015,1.4394724108634078
2016-01-01,B,debt_consolidation,5500,10.418181818181818,7.9361682568340015,1.3127470941925283
2016-01-01,B,home_improvement,595,10.084033613445378,7.9361682568340015,1.2706426183393735
2016-01-01,B,major_purchase,191,9.947643979057592,7.9361682568340015,1.2534567888592163
2016-01-01,B,medical,110,9.090909090909092,7.9361682568340015,1.1455035725938294
2016-01-01,B,moving,54,16.666666666666664,7.9361682568340015,2.1000898830886867
2016-01-01,B,other,456,11.18421052631579,7.9361682568340015,1.4092708425989873
2016-01-01,B,small_business,55,12.727272727272727,7.9361682568340015,1.6037050016313608
2016-01-01,B,vacation,42,9.523809523809524,7.9361682568340015,1.200051361764964
2016-01-01,C,car,77,11.688311688311687,13.199692948113462,0.8854987562405544
2016-01-01,C,credit_card,1877,20.458177943526902,13.199692948113462,1.5498980183816202
2016-01-01,C,debt_consolidation,5216,19.075920245398773,13.199692948113462,1.4451790901791512
2016-01-01,C,home_improvement,474,17.72151898734177,13.199692948113462,1.3425705474364524
2016-01-01,C,house,32,21.875,13.199692948113462,1.657235519491871
2016-01-01,C,major_purchase,145,19.310344827586206,13.199692948113462,1.4629389413445482
2016-01-01,C,medical,118,18.64406779661017,13.199692948113462,1.412462234530602
2016-01-01,C,moving,56,23.214285714285715,13.199692948113462,1.7586989186444346
2016-01-01,C,other,501,18.962075848303392,13.199692948113462,1.4365543140163353
2016-01-01,C,small_business,84,19.047619047619047,13.199692948113462,1.4430350101697924
2016-01-01,C,vacation,61,19.672131147540984,13.199692948113462,1.490347633454048
2016-01-01,D,credit_card,656,25.152439024390244,18.88392967228072,1.3319494120607176
2016-01-01,D,debt_consolidation,2397,28.368794326241137,18.88392967228072,1.5022717632698575
2016-01-01,D,home_improvement,223,29.14798206278027,18.88392967228072,1.5435337119246908
2016-01-01,D,major_purchase,70,28.57142857142857,18.88392967228072,1.513002275864642
2016-01-01,D,medical,50,28.000000000000004,18.88392967228072,1.4827422303473494
2016-01-01,D,other,240,27.500000000000004,18.88392967228072,1.456264690519718
2016-01-01,D,small_business,65,21.53846153846154,18.88392967228072,1.1405709464210378
2016-01-01,D,vacation,33,30.303030303030305,18.88392967228072,1.6046993834928023
2016-01-01,E,credit_card,349,38.68194842406877,26.68775204771489,1.4494270013791166
2016-01-01,E,debt_consolidation,1664,35.21634615384615,26.68775204771489,1.3195695947295611
2016-01-01,E,home_improvement,131,25.190839694656486,26.68775204771489,0.9439101371152548
2016-01-01,E,major_purchase,49,30.612244897959183,26.68775204771489,1.147052207440616
2016-01-01,E,other,140,22.857142857142858,26.68775204771489,0.8564656482223265
2016-01-01,E,small_business,55,49.09090909090909,26.68775204771489,1.8394546308411333
2016-01-01,F,credit_card,56,44.642857142857146,34.89234449760766,1.279445614378765
2016-01-01,F,debt_consolidation,599,45.24207011686144,34.89234449760766,1.2966188076001426
2016-01-01,F,home_improvement,45,37.77777777777778,34.89234449760766,1.0826953110120747
2016-01-01,F,other,53,41.509433962264154,34.89234449760766,1.1896430165393497
2016-01-01,F,small_business,30,16.666666666666664,34.89234449760766,0.4776596960347388
2016-01-01,G,debt_consolidation,113,45.13274336283185,38.06706114398422,1.1856114448163602
2016-02-01,A,car,93,6.451612903225806,3.282474302988035,1.965472478292642
2016-02-01,A,credit_card,2396,5.550918196994992,3.282474302988035,1.691077426544358
2016-02-01,A,debt_consolidation,3448,5.278422273781903,3.282474302988035,1.6080620247284059
2016-02-01,A,home_improvement,536,3.544776119402985,3.282474302988035,1.0799097851813118
2016-02-01,A,major_purchase,193,6.7357512953367875,3.282474302988035,2.0520347376993127
2016-02-01,A,medical,66,7.575757575757576,3.282474302988035,2.3079411676921175
2016-02-01,A,other,218,6.8807339449541285,3.282474302988035,2.0962034458855014
2016-02-01,A,vacation,32,15.625,3.282474302988035,4.760128658364993
2016-02-01,B,car,125,15.2,7.9361682568340015,1.9152819733768824
2016-02-01,B,credit_card,3718,11.000537923614846,7.9361682568340015,1.3861271041150183
2016-02-01,B,debt_consolidation,6927,11.924353977190703,7.9361682568340015,1.5025329089919925
2016-02-01,B,home_improvement,734,12.26158038147139,7.9361682568340015,1.5450252545884073
2016-02-01,B,house,32,18.75,7.9361682568340015,2.362601118474773
2016-02-01,B,major_purchase,241,12.863070539419086,7.9361682568340015,1.6208162583174097
2016-02-01,B,medical,126,15.873015873015872,7.9361682568340015,2.0000856029416063
2016-02-01,B,moving,48,10.416666666666668,7.9361682568340015,1.3125561769304295
2016-02-01,B,other,557,12.028725314183124,7.9361682568340015,1.515684260326126
2016-02-01,B,small_business,67,10.44776119402985,7.9361682568340015,1.31647425507052
2016-02-01,B,vacation,63,11.11111111111111,7.9361682568340015,1.4000599220591246
2016-02-01,C,car,106,13.20754716981132,13.199692948113462,1.0005950306366014
2016-02-01,C,credit_card,2420,18.34710743801653,13.199692948113462,1.389964714341234
2016-02-01,C,debt_consolidation,6883,18.8289989830016,13.199692948113462,1.4264724987934432
2016-02-01,C,home_improvement,651,17.20430107526882,13.199692948113462,1.3033864607985224
2016-02-01,C,house,41,21.951219512195124,13.199692948113462,1.6630098592810414
2016-02-01,C,major_purchase,238,20.168067226890756,13.199692948113462,1.5279194225327213
2016-02-01,C,medical,140,22.142857142857142,13.199692948113462,1.6775281993223836
2016-02-01,C,moving,76,18.421052631578945,13.199692948113462,1.3955667532563123
2016-02-01,C,other,605,17.85123966942149,13.199692948113462,1.3523981004401195
2016-02-01,C,small_business,126,23.809523809523807,13.199692948113462,1.8037937627122405
2016-02-01,C,vacation,62,16.129032258064516,13.199692948113462,1.2219248069986146
2016-02-01,D,car,45,22.22222222222222,18.88392967228072,1.1767795478947216
2016-02-01,D,credit_card,738,27.91327913279133,18.88392967228072,1.4781499199165407
2016-02-01,D,debt_consolidation,2921,28.551865799383773,18.88392967228072,1.511966327712732
2016-02-01,D,home_improvement,285,25.263157894736842,18.88392967228072,1.3378125386592625
2016-02-01,D,major_purchase,79,25.31645569620253,18.88392967228072,1.3406349279813283
2016-02-01,D,medical,64,34.375,18.88392967228072,1.8203308631496475
2016-02-01,D,moving,41,26.82926829268293,18.88392967228072,1.4207460395314324
2016-02-01,D,other,292,22.945205479452056,18.88392967228072,1.2150651838707487
2016-02-01,D,small_business,70,27.142857142857142,18.88392967228072,1.43735216207141
2016-02-01,E,credit_card,354,32.7683615819209,26.68775204771489,1.2278427019006517
2016-02-01,E,debt_consolidation,1742,34.50057405281286,26.68775204771489,1.2927493477580825
2016-02-01,E,home_improvement,149,28.187919463087248,26.68775204771489,1.0562118312808892
2016-02-01,E,house,32,37.5,26.68775204771489,1.4051389541147545
2016-02-01,E,major_purchase,54,33.33333333333333,26.68775204771489,1.2490124036575594
2016-02-01,E,other,183,38.25136612021858,26.68775204771489,1.4332929222299864
2016-02-01,E,small_business,59,37.28813559322034,26.68775204771489,1.397200315955914
2016-02-01,F,credit_card,101,45.54455445544555,34.89234449760766,1.3052878822335439
2016-02-01,F,debt_consolidation,680,45.44117647058823,34.89234449760766,1.302325112424126
2016-02-01,F,home_improvement,54,37.03703703703704,34.89234449760766,1.0614659911883086
2016-02-01,F,other,63,46.03174603174603,34.89234449760766,1.3192505890483264
2016-02-01,G,debt_consolidation,171,46.198830409356724,38.06706114398422,1.2136169439141897
2016-02-01,G,other,30,40.0,38.06706114398422,1.050777202072539
2016-03-01,A,car,183,4.371584699453552,3.282474302988035,1.331795559061681
2016-03-01,A,credit_card,4125,4.654545454545454,3.282474302988035,1.417999053430037
2016-03-01,A,debt_consolidation,6489,5.162582832485745,3.282474302988035,1.5727717434943047
2016-03-01,A,home_improvement,1135,3.9647577092511015,3.282474302988035,1.2078564348979013
2016-03-01,A,house,30,0.0,3.282474302988035,0.0
2016-03-01,A,major_purchase,405,5.185185185185185,3.282474302988035,1.5796575103314938
2016-03-01,A,medical,95,6.315789473684211,3.282474302988035,1.9240941103285865
2016-03-01,A,moving,36,11.11111111111111,3.282474302988035,3.3849803792817723
2016-03-01,A,other,576,5.208333333333334,3.282474302988035,1.586709552788331
2016-03-01,A,small_business,71,7.042253521126761,3.282474302988035,2.1454100995447853
2016-03-01,A,vacation,52,17.307692307692307,3.282474302988035,5.272757898496606
2016-03-01,B,car,176,7.954545454545454,7.9361682568340015,1.0023156260196004
2016-03-01,B,credit_card,4595,12.143634385201306,7.9361682568340015,1.5301634229773502
2016-03-01,B,debt_consolidation,9682,12.104936996488329,7.9361682568340015,1.5252873433050658
2016-03-01,B,home_improvement,1182,10.236886632825719,7.9361682568340015,1.2899029231153865
2016-03-01,B,house,45,17.77777777777778,7.9361682568340015,2.2400958752945996
2016-03-01,B,major_purchase,381,13.385826771653544,7.9361682568340015,1.6866863627956385
2016-03-01,B,medical,193,16.580310880829018,7.9361682568340015,2.089208588357658
2016-03-01,B,moving,71,14.084507042253522,7.9361682568340015,1.7747238448636793
2016-03-01,B,other,867,11.534025374855824,7.9361682568340015,1.453349400061375
2016-03-01,B,small_business,148,11.486486486486488,7.9361682568340015,1.4473592437503113
2016-03-01,B,vacation,102,22.54901960784314,7.9361682568340015,2.8412980771199883
2016-03-01,C,car,136,15.441176470588236,13.199692948113462,1.1698133078766149
2016-03-01,C,credit_card,3407,20.48723216906369,13.199692948113462,1.5520991472753756
2016-03-01,C,debt_consolidation,9997,20.056016805041512,13.199692948113462,1.519430556747002
2016-03-01,C,home_improvement,1112,19.514388489208635,13.199692948113462,1.4783971540790792
2016-03-01,C,house,64,20.3125,13.199692948113462,1.5388615538138803
2016-03-01,C,major_purchase,370,15.135135135135137,13.199692948113462,1.146627818891673
2016-03-01,C,medical,200,23.5,13.199692948113462,1.7803444437969815
2016-03-01,C,moving,118,21.1864406779661,13.199692948113462,1.6050707210575021
2016-03-01,C,other,1037,18.611378977820635,13.199692948113462,1.4099857512579963
2016-03-01,C,small_business,183,16.939890710382514,13.199692948113462,1.2833549065854302
2016-03-01,C,vacation,141,23.404255319148938,13.199692948113462,1.7730908901554365
2016-03-01,D,car,77,19.480519480519483,18.88392967228072,1.0315924608168014
2016-03-01,D,credit_card,1252,27.95527156549521,18.88392967228072,1.4803736325352927
2016-03-01,D,debt_consolidation,4935,27.537993920972642,18.88392967228072,1.45827666163124
2016-03-01,D,home_improvement,543,25.04604051565378,18.88392967228072,1.326315070555377
2016-03-01,D,house,53,16.9811320754717,18.88392967228072,0.8992372016931364
2016-03-01,D,major_purchase,186,25.806451612903224,18.88392967228072,1.366582700780967
2016-03-01,D,medical,111,27.027027027027028,18.88392967228072,1.431218369061148
2016-03-01,D,moving,73,28.767123287671232,18.88392967228072,1.5233653051513862
2016-03-01,D,other,605,20.49586776859504,18.88392967228072,1.0853603102896772
2016-03-01,D,small_business,140,27.857142857142858,18.88392967228072,1.4751772189680261
2016-03-01,D,vacation,60,30.0,18.88392967228072,1.5886523896578741
2016-03-01,E,car,39,20.51282051282051,26.68775204771489,0.7686230176354212
2016-03-01,E,credit_card,557,36.983842010771994,26.68775204771489,1.3857983221909727
2016-03-01,E,debt_consolidation,2910,33.298969072164944,26.68775204771489,1.2477247620043042
2016-03-01,E,home_improvement,261,29.50191570881226,26.68775204771489,1.1054477595589893
2016-03-01,E,house,35,20.0,26.68775204771489,0.7494074421945357
2016-03-01,E,major_purchase,88,32.95454545454545,26.68775204771489,1.2348190808887236
2016-03-01,E,medical,54,33.33333333333333,26.68775204771489,1.2490124036575594
2016-03-01,E,moving,37,37.83783783783784,26.68775204771489,1.4177978636112838
2016-03-01,E,other,314,31.528662420382165,26.68775204771489,1.181390713013679
2016-03-01,E,small_business,89,42.69662921348314,26.68775204771489,1.5998585844602446
2016-03-01,F,credit_card,173,38.72832369942196,34.89234449760766,1.109937559572052
2016-03-01,F,debt_consolidation,1129,40.30115146147033,34.89234449760766,1.1550141454161533
2016-03-01,F,home_improvement,106,33.9622641509434,34.89234449760766,0.9733442862594679
2016-03-01,F,major_purchase,32,50.0,34.89234449760766,1.4329790881042166
2016-03-01,F,other,123,30.89430894308943,34.89234449760766,0.8854179731375647
2016-03-01,F,small_business,52,48.07692307692308,34.89234449760766,1.377864507792516
2016-03-01,G,debt_consolidation,284,51.056338028169016,38.06706114398422,1.3412209005327302
2016-03-01,G,other,39,46.15384615384615,38.06706114398422,1.2124352331606219
2016-04-01,A,car,115,7.82608695652174,3.282474302988035,2.384203571494118
2016-04-01,A,credit_card,2346,5.4134697357203745,3.282474302988035,1.6492039955324234
2016-04-01,A,debt_consolidation,3883,5.845995364408962,3.282474302988035,1.7809721645306877
2016-04-01,A,home_improvement,790,4.936708860759493,3.282474302988035,1.5039596368707622
2016-04-01,A,major_purchase,237,4.219409282700422,3.282474302988035,1.2854355870690275
2016-04-01,A,medical,70,10.0,3.282474302988035,3.0464823413535953
2016-04-01,A,other,459,4.57516339869281,3.282474302988035,1.3938154502924944
2016-04-01,A,small_business,43,18.6046511627907,3.282474302988035,5.6678741234485495
2016-04-01,A,vacation,33,6.0606060606060606,3.282474302988035,1.846352934153694
2016-04-01,B,car,122,11.475409836065573,7.9361682568340015,1.445963526061063
2016-04-01,B,credit_card,2466,12.652068126520682,7.9361682568340015,1.5942288163592953
2016-04-01,B,debt_consolidation,5275,12.549763033175356,7.9361682568340015,1.5813378228679176
2016-04-01,B,home_improvement,693,10.822510822510822,7.9361682568340015,1.363694729278368
2016-04-01,B,house,30,33.33333333333333,7.9361682568340015,4.200179766177373
2016-04-01,B,major_purchase,231,14.285714285714285,7.9361682568340015,1.8000770426474457
2016-04-01,B,medical,95,10.526315789473683,7.9361682568340015,1.3263725577402232
2016-04-01,B,moving,56,23.214285714285715,7.9361682568340015,2.9251251943020997
2016-04-01,B,other,612,7.6797385620915035,7.9361682568340015,0.9676884755408656
2016-04-01,B,small_business,66,7.575757575757576,7.9361682568340015,0.9545863104948578
2016-04-01,B,vacation,68,8.823529411764707,7.9361682568340015,1.111812291046952
2016-04-01,C,car,89,23.595505617977526,13.199692948113462,1.7875798861934786
2016-04-01,C,credit_card,1970,18.527918781725887,13.199692948113462,1.4036628620496774
2016-04-01,C,debt_consolidation,6060,20.0,13.199692948113462,1.515186760678282
2016-04-01,C,home_improvement,713,15.147265077138849,13.199692948113462,1.147546775268264
2016-04-01,C,house,46,21.73913043478261,13.199692948113462,1.6469421311720458
2016-04-01,C,major_purchase,250,19.6,13.199692948113462,1.4848830254647165
2016-04-01,C,medical,147,19.047619047619047,13.199692948113462,1.4430350101697924
2016-04-01,C,moving,92,20.652173913043477,13.199692948113462,1.5645950246134432
2016-04-01,C,other,840,16.666666666666664,13.199692948113462,1.2626556338985682
2016-04-01,C,small_business,125,20.8,13.199692948113462,1.5757942311054134
2016-04-01,C,vacation,102,21.568627450980394,13.199692948113462,1.6340249379863827
2016-04-01,D,car,45,28.888888888888886,18.88392967228072,1.529813412263138
2016-04-01,D,credit_card,723,27.93914246196404,18.88392967228072,1.4795195145730318
2016-04-01,D,debt_consolidation,3039,27.80519907864429,18.88392967228072,1.4724265320400391
2016-04-01,D,home_improvement,330,22.12121212121212,18.88392967228072,1.1714305499497455
2016-04-01,D,house,37,13.513513513513514,18.88392967228072,0.715609184530574
2016-04-01,D,major_purchase,117,24.786324786324787,18.88392967228072,1.3125618034210358
2016-04-01,D,medical,70,28.57142857142857,18.88392967228072,1.513002275864642
2016-04-01,D,moving,64,23.4375,18.88392967228072,1.2411346794202143
2016-04-01,D,other,422,25.59241706161137,18.88392967228072,1.3552484840683285
2016-04-01,D,small_business,89,32.58426966292135,18.88392967228072,1.7255025955085526
2016-04-01,D,vacation,47,17.02127659574468,18.88392967228072,0.9013630579619144
2016-04-01,E,credit_card,264,29.545454545454547,26.68775204771489,1.1070791759692005
2016-04-01,E,debt_consolidation,1376,33.13953488372093,26.68775204771489,1.2417507036362945
2016-04-01,E,home_improvement,138,25.36231884057971,26.68775204771489,0.9503355245220562
2016-04-01,E,major_purchase,45,40.0,26.68775204771489,1.4988148843890714
2016-04-01,E,medical,30,36.666666666666664,26.68775204771489,1.3739136440233155
2016-04-01,E,other,188,36.17021276595745,26.68775204771489,1.3553113316284158
2016-04-01,E,small_business,43,34.883720930232556,26.68775204771489,1.3071060038276785
2016-04-01,F,credit_card,70,41.42857142857143,34.89234449760766,1.1873255301434937
2016-04-01,F,debt_consolidation,521,42.034548944337814,34.89234449760766,1.204692592302585
2016-04-01,F,home_improvement,46,34.78260869565217,34.89234449760766,0.9968550178116288
2016-04-01,F,other,55,38.18181818181819,34.89234449760766,1.0942749400068563
2016-04-01,G,debt_consolidation,210,50.95238095238095,38.06706114398422,1.3384900074019246
2016-05-01,A,car,81,3.7037037037037033,3.282474302988035,1.128326793093924
2016-05-01,A,credit_card,1566,5.172413793103448,3.282474302988035,1.5757667282863423
2016-05-01,A,debt_consolidation,2981,5.736330090573634,3.282474302988035,1.7475628325107844
2016-05-01,A,home_improvement,617,4.376012965964344,3.282474302988035,1.3331446226344745
2016-05-01,A,major_purchase,186,4.838709677419355,3.282474302988035,1.4741043587194815
2016-05-01,A,medical,46,6.521739130434782,3.282474302988035,1.9868363095784316
2016-05-01,A,other,249,2.4096385542168677,3.282474302988035,0.7340921304466496
2016-05-01,A,small_business,46,13.043478260869565,3.282474302988035,3.973672619156863
2016-05-01,B,car,94,10.638297872340425,7.9361682568340015,1.340482904099162
2016-05-01,B,credit_card,2096,11.975190839694656,7.9361682568340015,1.508938627829944
2016-05-01,B,debt_consolidation,4828,12.116818558409278,7.9361682568340015,1.5267844841841944
2016-05-01,B,home_improvement,657,10.197869101978691,7.9361682568340015,1.2849865038076898
2016-05-01,B,major_purchase,202,11.881188118811881,7.9361682568340015,1.4970937780434204
2016-05-01,B,medical,114,16.666666666666664,7.9361682568340015,2.1000898830886867
2016-05-01,B,moving,43,18.6046511627907,7.9361682568340015,2.3442863811222554
2016-05-01,B,other,469,10.44776119402985,7.9361682568340015,1.31647425507052
2016-05-01,B,small_business,63,15.873015873015872,7.9361682568340015,2.0000856029416063
2016-05-01,B,vacation,75,17.333333333333336,7.9361682568340015,2.1840934784122346
2016-05-01,C,car,75,24.0,13.199692948113462,1.8182241128139385
2016-05-01,C,credit_card,1417,18.842625264643615,13.199692948113462,1.4275048168705058
2016-05-01,C,debt_consolidation,4568,19.48336252189142,13.199692948113462,1.4760466473332652
2016-05-01,C,home_improvement,534,20.037453183520597,13.199692948113462,1.518024189069065
2016-05-01,C,major_purchase,161,13.043478260869565,13.199692948113462,0.9881652787032273
2016-05-01,C,medical,110,16.363636363636363,13.199692948113462,1.2396982587367762
2016-05-01,C,moving,69,14.492753623188406,13.199692948113462,1.097961420781364
2016-05-01,C,other,580,15.517241379310345,13.199692948113462,1.175575935009012
2016-05-01,C,small_business,96,28.125,13.199692948113462,2.1307313822038343
2016-05-01,C,vacation,77,18.181818181818183,13.199692948113462,1.3774425097075294
2016-05-01,D,car,45,20.0,18.88392967228072,1.0591015931052494
2016-05-01,D,credit_card,491,29.124236252545828,18.88392967228072,1.5422762506522474
2016-05-01,D,debt_consolidation,2142,29.225023342670404,18.88392967228072,1.5476134390380163
2016-05-01,D,home_improvement,255,23.52941176470588,18.88392967228072,1.2460018742414698
2016-05-01,D,major_purchase,89,31.46067415730337,18.88392967228072,1.6660025060082575
2016-05-01,D,medical,58,22.413793103448278,18.88392967228072,1.1869241991696762
2016-05-01,D,moving,45,22.22222222222222,18.88392967228072,1.1767795478947216
2016-05-01,D,other,328,25.304878048780488,18.88392967228072,1.3400218327398736
2016-05-01,D,small_business,75,28.000000000000004,18.88392967228072,1.4827422303473494
2016-05-01,D,vacation,57,19.298245614035086,18.88392967228072,1.0219401336980476
2016-05-01,E,credit_card,200,34.0,26.68775204771489,1.2739926517307107
2016-05-01,E,debt_consolidation,1095,33.97260273972603,26.68775204771489,1.272966066193458
2016-05-01,E,home_improvement,114,31.57894736842105,26.68775204771489,1.1832749087282142
2016-05-01,E,major_purchase,45,44.44444444444444,26.68775204771489,1.6653498715434127
2016-05-01,E,medical,30,30.0,26.68775204771489,1.1241111632918035
2016-05-01,E,other,170,31.176470588235293,26.68775204771489,1.1681939540091293
2016-05-01,E,small_business,58,43.103448275862064,26.68775204771489,1.615102246108913
2016-05-01,F,credit_card,76,39.473684210526315,34.89234449760766,1.131299280082276
2016-05-01,F,debt_consolidation,391,40.66496163682864,34.89234449760766,1.165440792882713
2016-05-01,F,home_improvement,44,31.818181818181817,34.89234449760766,0.9118957833390469
2016-05-01,F,other,41,21.951219512195124,34.89234449760766,0.629112770387217
2016-05-01,G,debt_consolidation,108,39.81481481481482,38.06706114398422,1.0459124928036847
2016-06-01,A,car,112,3.571428571428571,3.282474302988035,1.088029407626284
2016-06-01,A,credit_card,1785,5.434173669467787,3.282474302988035,1.6555114123882282
2016-06-01,A,debt_consolidation,3125,5.4719999999999995,3.282474302988035,1.6670351371886871
2016-06-01,A,home_improvement,773,5.433376455368694,3.282474302988035,1.6552685425207116
2016-06-01,A,major_purchase,251,6.772908366533864,3.282474302988035,2.0633545738251438
2016-06-01,A,medical,65,7.6923076923076925,3.282474302988035,2.343447954887381
2016-06-01,A,moving,30,6.666666666666667,3.282474302988035,2.0309882275690634
2016-06-01,A,other,319,8.150470219435736,3.282474302988035,2.483026359723933
2016-06-01,A,small_business,34,2.941176470588235,3.282474302988035,0.896024218045175
2016-06-01,A,vacation,32,3.125,3.282474302988035,0.9520257316729985
2016-06-01,B,car,153,10.457516339869281,7.9361682568340015,1.3177034560556466
2016-06-01,B,credit_card,2542,11.29032258064516,7.9361682568340015,1.4226415337052394
2016-06-01,B,debt_consolidation,6011,11.429046747629346,7.9361682568340015,1.440121526882643
2016-06-01,B,home_improvement,961,10.718002081165452,7.9361682568340015,1.3505260642547434
2016-06-01,B,house,37,8.108108108108109,7.9361682568340015,1.0216653485296316
2016-06-01,B,major_purchase,333,9.60960960960961,7.9361682568340015,1.210862635294378
2016-06-01,B,medical,136,13.23529411764706,7.9361682568340015,1.667718436570428
2016-06-01,B,moving,105,12.380952380952381,7.9361682568340015,1.5600667702944533
2016-06-01,B,other,710,10.0,7.9361682568340015,1.260053929853212
2016-06-01,B,small_business,77,11.688311688311687,7.9361682568340015,1.4727903076206375
2016-06-01,B,vacation,93,3.225806451612903,7.9361682568340015,0.40646900963006843
2016-06-01,C,car,106,8.49056603773585,13.199692948113462,0.6432396625521009
2016-06-01,C,credit_card,1468,18.66485013623978,13.199692948113462,1.4140366908237374
2016-06-01,C,debt_consolidation,5375,17.655813953488373,13.199692948113462,1.337592777566223
2016-06-01,C,home_improvement,753,17.264276228419657,13.199692948113462,1.3079301386997124
2016-06-01,C,house,42,11.904761904761903,13.199692948113462,0.9018968813561202
2016-06-01,C,major_purchase,248,15.725806451612904,13.199692948113462,1.1913766868236493
2016-06-01,C,medical,180,16.666666666666664,13.199692948113462,1.2626556338985682
2016-06-01,C,moving,104,15.384615384615385,13.199692948113462,1.1655282774448323
2016-06-01,C,other,760,16.447368421052634,13.199692948113462,1.2460417439788505
2016-06-01,C,small_business,121,13.223140495867769,13.199692948113462,1.001776370696385
2016-06-01,C,vacation,89,13.48314606741573,13.199692948113462,1.0214742206819878
2016-06-01,D,credit_card,488,27.459016393442624,18.88392967228072,1.4540944003699123
2016-06-01,D,debt_consolidation,2214,27.145438121047878,18.88392967228072,1.437488837977089
2016-06-01,D,home_improvement,263,21.292775665399237,18.88392967228072,1.127560631442851
2016-06-01,D,house,38,15.789473684210526,18.88392967228072,0.836132836662039
2016-06-01,D,major_purchase,77,23.376623376623375,18.88392967228072,1.2379109529801615
2016-06-01,D,medical,78,25.64102564102564,18.88392967228072,1.3578225552631402
2016-06-01,D,moving,46,26.08695652173913,18.88392967228072,1.3814368605720644
2016-06-01,D,other,324,21.91358024691358,18.88392967228072,1.1604353875072948
2016-06-01,D,small_business,68,42.64705882352941,18.88392967228072,2.2583783970626645
2016-06-01,E,credit_card,179,36.87150837988827,26.68775204771489,1.3815891392413229
2016-06-01,E,debt_consolidation,1009,34.093161546085234,26.68775204771489,1.2774834495288419
2016-06-01,E,home_improvement,106,25.471698113207548,26.68775204771489,0.9544340065685125
2016-06-01,E,other,129,27.906976744186046,26.68775204771489,1.0456848030621428
2016-06-01,E,small_business,35,37.142857142857146,26.68775204771489,1.3917566783612807
2016-06-01,F,credit_card,62,43.54838709677419,34.89234449760766,1.2480785606068983
2016-06-01,F,debt_consolidation,450,42.0,34.89234449760766,1.203702434007542
2016-06-01,F,home_improvement,35,34.285714285714285,34.89234449760766,0.9826142318428913
2016-06-01,F,other,49,42.857142857142854,34.89234449760766,1.228267789803614
2016-06-01,G,debt_consolidation,122,39.34426229508197,38.06706114398422,1.0335513463008579
2016-07-01,A,car,88,10.227272727272728,3.282474302988035,3.115720576384359
2016-07-01,A,credit_card,1192,5.117449664429531,3.282474302988035,1.5590220035450446
2016-07-01,A,debt_consolidation,1998,5.355355355355355,3.282474302988035,1.6314995521763498
2016-07-01,A,home_improvement,455,4.615384615384616,3.282474302988035,1.4060687729324286
2016-07-01,A,major_purchase,148,5.405405405405405,3.282474302988035,1.646747211542484
2016-07-01,A,other,174,6.321839080459771,3.282474302988035,1.9259371123499742
2016-07-01,A,vacation,34,11.76470588235294,3.282474302988035,3.5840968721807
2016-07-01,B,car,160,7.5,7.9361682568340015,0.9450404473899091
2016-07-01,B,credit_card,2401,11.536859641815909,7.9361682568340015,1.4537065329835057
2016-07-01,B,debt_consolidation,6188,11.732385261797026,7.9361682568340015,1.478343815567925
2016-07-01,B,home_improvement,863,11.239860950173812,7.9361682568340015,1.4162830961270172
2016-07-01,B,major_purchase,305,9.836065573770492,7.9361682568340015,1.23939730805234
2016-07-01,B,medical,124,16.93548387096774,7.9361682568340015,2.133962300557859
2016-07-01,B,moving,62,14.516129032258066,7.9361682568340015,1.829110543335308
2016-07-01,B,other,653,10.10719754977029,7.9361682568340015,1.2735613992390813
2016-07-01,B,small_business,44,6.8181818181818175,7.9361682568340015,0.8591276794453718
2016-07-01,B,vacation,116,10.344827586206897,7.9361682568340015,1.303504065365392
2016-07-01,C,car,122,11.475409836065573,13.199692948113462,0.8693694528481946
2016-07-01,C,credit_card,1904,17.962184873949578,13.199692948113462,1.360803235693205
2016-07-01,C,debt_consolidation,7039,17.900269924705213,13.199692948113462,1.3561126001240484
2016-07-01,C,home_improvement,751,16.511318242343542,13.199692948113462,1.2508865401072369
2016-07-01,C,house,64,12.5,13.199692948113462,0.9469917254239263
2016-07-01,C,major_purchase,248,17.741935483870968,13.199692948113462,1.3441172876984762
2016-07-01,C,medical,175,19.428571428571427,13.199692948113462,1.4718957103731882
2016-07-01,C,moving,120,13.333333333333334,13.199692948113462,1.0101245071188547
2016-07-01,C,other,967,16.959669079627716,13.199692948113462,1.284853302746837
2016-07-01,C,small_business,139,19.424460431654676,13.199692948113462,1.4715842639681156
2016-07-01,C,vacation,155,15.483870967741936,13.199692948113462,1.17304781471867
2016-07-01,D,car,49,8.16326530612245,18.88392967228072,0.4322863645327549
2016-07-01,D,credit_card,623,22.953451043338685,18.88392967228072,1.2155018283631676
2016-07-01,D,debt_consolidation,3281,25.693386162755257,18.88392967228072,1.3605953108621232
2016-07-01,D,home_improvement,324,20.679012345679013,18.88392967228072,1.0950587459575882
2016-07-01,D,house,39,28.205128205128204,18.88392967228072,1.4936048107894544
2016-07-01,D,major_purchase,93,19.35483870967742,18.88392967228072,1.0249370255857253
2016-07-01,D,medical,67,26.865671641791046,18.88392967228072,1.422673781783171
2016-07-01,D,moving,72,15.277777777777779,18.88392967228072,0.8090359391776212
2016-07-01,D,other,447,23.042505592841163,18.88392967228072,1.2202177191257348
2016-07-01,D,small_business,79,24.050632911392405,18.88392967228072,1.273603181582262
2016-07-01,D,vacation,44,9.090909090909092,18.88392967228072,0.4814098150478407
2016-07-01,E,credit_card,192,33.85416666666667,26.68775204771489,1.2685282224647092
2016-07-01,E,debt_consolidation,1210,32.892561983471076,26.68775204771489,1.2324965371629142
2016-07-01,E,home_improvement,122,27.86885245901639,26.68775204771489,1.0442562719104185
2016-07-01,E,other,161,33.54037267080746,26.68775204771489,1.2567702446740663
2016-07-01,E,small_business,36,33.33333333333333,26.68775204771489,1.2490124036575594
2016-07-01,F,credit_card,59,33.89830508474576,34.89234449760766,0.9715112461723501
2016-07-01,F,debt_consolidation,504,43.65079365079365,34.89234449760766,1.2510134896147922
2016-07-01,F,home_improvement,42,40.476190476190474,34.89234449760766,1.1600306903700799
2016-07-01,F,other,58,37.93103448275862,34.89234449760766,1.0870875840790608
2016-07-01,F,small_business,34,47.05882352941176,34.89234449760766,1.3486862005686742
2016-07-01,G,debt_consolidation,129,42.63565891472868,38.06706114398422,1.1200144595734425
2016-08-01,A,car,81,3.7037037037037033,3.282474302988035,1.128326793093924
2016-08-01,A,credit_card,1110,4.414414414414415,3.282474302988035,1.3448435560930285
2016-08-01,A,debt_consolidation,1777,5.177265053460889,3.282474302988035,1.5772446561875677
2016-08-01,A,home_improvement,375,5.6000000000000005,3.282474302988035,1.7060301111580134
2016-08-01,A,major_purchase,131,2.2900763358778624,3.282474302988035,0.6976677117603652
2016-08-01,A,medical,38,5.263157894736842,3.282474302988035,1.6034117586071552
2016-08-01,A,other,164,5.487804878048781,3.282474302988035,1.671850065376973
2016-08-01,A,vacation,45,8.88888888888889,3.282474302988035,2.7079843034254183
2016-08-01,B,car,163,11.042944785276074,7.9361682568340015,1.3914705973839152
2016-08-01,B,credit_card,3125,10.432,7.9361682568340015,1.314488259622871
2016-08-01,B,debt_consolidation,7212,11.17581808097615,7.9361682568340015,1.4082133492258582
2016-08-01,B,home_improvement,912,9.978070175438598,7.9361682568340015,1.2572906536912536
2016-08-01,B,house,32,9.375,7.9361682568340015,1.1813005592373864
2016-08-01,B,major_purchase,298,9.395973154362416,7.9361682568340015,1.1839432897949644
2016-08-01,B,medical,139,10.79136690647482,7.9361682568340015,1.3597704278991498
2016-08-01,B,moving,79,7.59493670886076,7.9361682568340015,0.9570029846986422
2016-08-01,B,other,770,10.649350649350648,7.9361682568340015,1.3418756136099141
2016-08-01,B,small_business,81,18.51851851851852,7.9361682568340015,2.3334332034318743
2016-08-01,B,vacation,94,8.51063829787234,7.9361682568340015,1.0723863232793296
2016-08-01,C,car,119,14.285714285714285,13.199692948113462,1.0822762576273444
2016-08-01,C,credit_card,1831,17.91370835608957,13.199692948113462,1.3571306867899413
2016-08-01,C,debt_consolidation,6882,17.07352513804127,13.199692948113462,1.2934789623633984
2016-08-01,C,home_improvement,802,16.458852867830423,13.199692948113462,1.2469117980644215
2016-08-01,C,house,63,12.698412698412698,13.199692948113462,0.9620233401131949
2016-08-01,C,major_purchase,279,12.186379928315413,13.199692948113462,0.9232320763989532
2016-08-01,C,medical,137,18.97810218978102,13.199692948113462,1.4377684590377857
2016-08-01,C,moving,123,21.138211382113823,13.199692948113462,1.6014169015298918
2016-08-01,C,other,958,14.822546972860126,13.199692948113462,1.1229463466404805
2016-08-01,C,small_business,114,21.052631578947366,13.199692948113462,1.5949334322929283
2016-08-01,C,vacation,125,11.200000000000001,13.199692948113462,0.848504585979838
2016-08-01,D,car,41,21.951219512195124,18.88392967228072,1.1624285777984447
2016-08-01,D,credit_card,662,24.018126888217523,18.88392967228072,1.2718818225357602
2016-08-01,D,debt_consolidation,3259,25.099723841669224,18.88392967228072,1.3291578753606843
2016-08-01,D,home_improvement,302,18.543046357615893,18.88392967228072,0.9819484969187743
2016-08-01,D,house,45,35.55555555555556,18.88392967228072,1.8828472766315547
2016-08-01,D,major_purchase,115,18.26086956521739,18.88392967228072,0.9670058024004451
2016-08-01,D,medical,51,17.647058823529413,18.88392967228072,0.9345014056811025
2016-08-01,D,moving,81,25.925925925925924,18.88392967228072,1.3729094725438418
2016-08-01,D,other,449,24.276169265033406,18.88392967228072,1.2855464771544787
2016-08-01,D,small_business,87,28.735632183908045,18.88392967228072,1.5216976912431746
2016-08-01,D,vacation,37,27.027027027027028,18.88392967228072,1.431218369061148
2016-08-01,E,credit_card,187,31.550802139037433,26.68775204771489,1.1822202965100965
2016-08-01,E,debt_consolidation,1313,30.540746382330543,26.68775204771489,1.1443731314547176
2016-08-01,E,home_improvement,112,33.92857142857143,26.68775204771489,1.2713161965800162
2016-08-01,E,major_purchase,42,42.857142857142854,26.68775204771489,1.605873090416862
2016-08-01,E,other,190,26.31578947368421,26.68775204771489,0.9860624239401785
2016-08-01,E,small_business,36,27.77777777777778,26.68775204771489,1.040843669714633
2016-08-01,F,credit_card,74,32.432432432432435,34.89234449760766,0.929499949040573
2016-08-01,F,debt_consolidation,599,42.40400667779633,34.89234449760766,1.2152810964222738
2016-08-01,F,home_improvement,45,24.444444444444443,34.89234449760766,0.7005675541842836
2016-08-01,F,other,58,48.275862068965516,34.89234449760766,1.3835660161006227
2016-08-01,G,debt_consolidation,148,50.67567567567568,38.06706114398422,1.3312211174905477
2016-09-01,A,car,54,5.555555555555555,3.282474302988035,1.6924901896408862
2016-09-01,A,credit_card,940,3.404255319148936,3.282474302988035,1.037100371524628
2016-09-01,A,debt_consolidation,1434,4.044630404463041,3.282474302988035,1.2321895104498504
2016-09-01,A,home_improvement,330,3.3333333333333335,3.282474302988035,1.0154941137845317
2016-09-01,A,major_purchase,91,0.0,3.282474302988035,0.0
2016-09-01,A,medical,59,3.389830508474576,3.282474302988035,1.0327058784249474
2016-09-01,A,other,150,2.666666666666667,3.282474302988035,0.8123952910276255
2016-09-01,B,car,113,7.079646017699115,7.9361682568340015,0.8920735786571414
2016-09-01,B,credit_card,1976,8.04655870445344,7.9361682568340015,1.0139097917341129
2016-09-01,B,debt_consolidation,4664,9.391080617495712,7.9361682568340015,1.1833268037643803
2016-09-01,B,home_improvement,655,8.244274809160306,7.9361682568340015,1.0388230872072284
2016-09-01,B,major_purchase,242,8.677685950413224,7.9361682568340015,1.0934352283850188
2016-09-01,B,medical,134,14.17910447761194,7.9361682568340015,1.7866436318814203
2016-09-01,B,moving,60,5.0,7.9361682568340015,0.630026964926606
2016-09-01,B,other,486,9.25925925925926,7.9361682568340015,1.1667166017159372
2016-09-01,B,small_business,78,8.974358974358974,7.9361682568340015,1.1308176293554468
2016-09-01,B,vacation,60,10.0,7.9361682568340015,1.260053929853212
2016-09-01,C,car,126,15.079365079365079,13.199692948113462,1.142402716384419
2016-09-01,C,credit_card,1593,16.698053986189578,13.199692948113462,1.265033516448283
2016-09-01,C,debt_consolidation,5685,15.145118733509236,13.199692948113462,1.1473841696956912
2016-09-01,C,home_improvement,727,15.955983493810177,13.199692948113462,1.208814747171119
2016-09-01,C,house,46,8.695652173913043,13.199692948113462,0.6587768524688182
2016-09-01,C,major_purchase,250,16.8,13.199692948113462,1.272756878969757
2016-09-01,C,medical,139,20.863309352517987,13.199692948113462,1.5805905057435319
2016-09-01,C,moving,101,15.841584158415841,13.199692948113462,1.2001479292501245
2016-09-01,C,other,833,12.605042016806722,13.199692948113462,0.9549496390829508
2016-09-01,C,small_business,112,25.892857142857146,13.199692948113462,1.961625716949562
2016-09-01,C,vacation,94,14.893617021276595,13.199692948113462,1.1283305664625505
2016-09-01,D,car,55,21.818181818181817,18.88392967228072,1.1553835561148176
2016-09-01,D,credit_card,515,26.407766990291265,18.88392967228072,1.3984254044884847
2016-09-01,D,debt_consolidation,2762,25.05430847212165,18.88392967228072,1.3267529008487193
2016-09-01,D,home_improvement,274,19.708029197080293,18.88392967228072,1.0436402559796254
2016-09-01,D,house,35,22.857142857142858,18.88392967228072,1.2104018206917138
2016-09-01,D,major_purchase,106,20.754716981132077,18.88392967228072,1.0990676909582777
2016-09-01,D,medical,53,16.9811320754717,18.88392967228072,0.8992372016931364
2016-09-01,D,moving,48,20.833333333333336,18.88392967228072,1.1032308261513015
2016-09-01,D,other,433,14.318706697459586,18.88392967228072,0.7582482537243126
2016-09-01,D,small_business,70,24.285714285714285,18.88392967228072,1.2860519344849457
2016-09-01,E,credit_card,160,30.0,26.68775204771489,1.1241111632918035
2016-09-01,E,debt_consolidation,1044,30.45977011494253,26.68775204771489,1.141338920583632
2016-09-01,E,home_improvement,118,28.8135593220339,26.68775204771489,1.0796547896022972
2016-09-01,E,major_purchase,45,35.55555555555556,26.68775204771489,1.3322798972347303
2016-09-01,E,other,145,29.655172413793103,26.68775204771489,1.1111903453229324
2016-09-01,E,small_business,39,35.8974358974359,26.68775204771489,1.3450902808619871
2016-09-01,F,credit_card,46,36.95652173913043,34.89234449760766,1.0591584564248555
2016-09-01,F,debt_consolidation,452,38.93805309734513,34.89234449760766,1.115948316399744
2016-09-01,F,home_improvement,35,34.285714285714285,34.89234449760766,0.9826142318428913
2016-09-01,F,other,50,30.0,34.89234449760766,0.8597874528625299
2016-09-01,G,debt_consolidation,102,50.0,38.06706114398422,1.3134715025906736
2016-10-01,A,car,60,3.3333333333333335,3.282474302988035,1.0154941137845317
2016-10-01,A,credit_card,1147,3.225806451612903,3.282474302988035,0.982736239146321
2016-10-01,A,debt_consolidation,2017,3.867129400099157,3.282474302988035,1.1781141429131405
2016-10-01,A,home_improvement,421,4.275534441805226,3.282474302988035,1.302534017680872
2016-10-01,A,major_purchase,114,5.263157894736842,3.282474302988035,1.6034117586071552
2016-10-01,A,medical,52,5.769230769230769,3.282474302988035,1.7575859661655358
2016-10-01,A,other,222,3.153153153153153,3.282474302988035,0.9606025400664489
2016-10-01,A,small_business,39,5.128205128205128,3.282474302988035,1.5622986365915872
2016-10-01,A,vacation,41,2.4390243902439024,3.282474302988035,0.7430444735008769
2016-10-01,B,car,137,8.02919708029197,7.9361682568340015,1.0117221334587834
2016-10-01,B,credit_card,2419,8.061182306738322,7.9361682568340015,1.0157524444868804
2016-10-01,B,debt_consolidation,5608,8.434379457917261,7.9361682568340015,1.062777298182185
2016-10-01,B,home_improvement,844,7.819905213270142,7.9361682568340015,0.9853502295060664
2016-10-01,B,major_purchase,250,5.6000000000000005,7.9361682568340015,0.7056302007177989
2016-10-01,B,medical,175,9.142857142857142,7.9361682568340015,1.1520493072943654
2016-10-01,B,moving,72,11.11111111111111,7.9361682568340015,1.4000599220591246
2016-10-01,B,other,615,10.08130081300813,7.9361682568340015,1.2702982707463277
2016-10-01,B,small_business,84,15.476190476190476,7.9361682568340015,1.9500834628680666
2016-10-01,B,vacation,83,13.253012048192772,7.9361682568340015,1.6699509913717272
2016-10-01,C,car,135,6.666666666666667,13.199692948113462,0.5050622535594274
2016-10-01,C,credit_card,1908,13.469601677148846,13.199692948113462,1.0204481066412958
2016-10-01,C,debt_consolidation,6610,14.296520423600606,13.199692948113462,1.083094923480315
2016-10-01,C,home_improvement,795,14.465408805031446,13.199692948113462,1.095889795459135
2016-10-01,C,house,48,6.25,13.199692948113462,0.47349586271196314
2016-10-01,C,major_purchase,260,11.923076923076923,13.199692948113462,0.9032844150197451
2016-10-01,C,medical,168,16.071428571428573,13.199692948113462,1.2175607898307625
2016-10-01,C,moving,97,16.49484536082474,13.199692948113462,1.2496385655078615
2016-10-01,C,other,810,12.222222222222221,13.199692948113462,0.9259474648589501
2016-10-01,C,small_business,115,15.65217391304348,13.199692948113462,1.1857983344438732
2016-10-01,C,vacation,92,14.130434782608695,13.199692948113462,1.0705123852618297
2016-10-01,D,car,52,25.0,18.88392967228072,1.3238769913815618
2016-10-01,D,credit_card,608,23.026315789473685,18.88392967228072,1.219360386798807
2016-10-01,D,debt_consolidation,3093,20.142256708697058,18.88392967228072,1.0666348084457977
2016-10-01,D,home_improvement,312,19.230769230769234,18.88392967228072,1.0183669164473554
2016-10-01,D,major_purchase,101,29.7029702970297,18.88392967228072,1.572923158077103
2016-10-01,D,medical,62,20.967741935483872,18.88392967228072,1.1103484443845357
2016-10-01,D,moving,53,22.641509433962266,18.88392967228072,1.1989829355908486
2016-10-01,D,other,460,18.26086956521739,18.88392967228072,0.9670058024004451
2016-10-01,D,small_business,77,22.07792207792208,18.88392967228072,1.1691381222590416
2016-10-01,E,credit_card,156,28.205128205128204,26.68775204771489,1.0568566492487041
2016-10-01,E,debt_consolidation,1132,26.060070671378092,26.68775204771489,0.9764805452623146
2016-10-01,E,home_improvement,98,28.57142857142857,26.68775204771489,1.0705820602779081
2016-10-01,E,other,139,15.107913669064748,26.68775204771489,0.5660991469814838
2016-10-01,F,credit_card,61,40.98360655737705,34.89234449760766,1.174573023036243
2016-10-01,F,debt_consolidation,347,35.44668587896253,34.89234449760766,1.0158871921430468
2016-10-01,F,home_improvement,33,27.27272727272727,34.89234449760766,0.7816249571477544
2016-10-01,F,other,54,31.48148148148148,34.89234449760766,0.9022460925100623
2016-10-01,G,debt_consolidation,97,37.11340206185567,38.06706114398422,0.9749479194487475
2016-11-01,A,car,60,5.0,3.282474302988035,1.5232411706767977
2016-11-01,A,credit_card,1270,3.149606299212598,3.282474302988035,0.9595219972767228
2016-11-01,A,debt_consolidation,1976,4.352226720647773,3.282474302988035,1.3258981850020708
2016-11-01,A,home_improvement,409,3.1784841075794623,3.282474302988035,0.9683195706013873
2016-11-01,A,major_purchase,109,6.422018348623854,3.282474302988035,1.9564565494931347
2016-11-01,A,medical,66,4.545454545454546,3.282474302988035,1.3847647006152706
2016-11-01,A,other,197,3.5532994923857872,3.282474302988035,1.0825064157093995
2016-11-01,A,small_business,31,6.451612903225806,3.282474302988035,1.965472478292642
2016-11-01,A,vacation,32,3.125,3.282474302988035,0.9520257316729985
2016-11-01,B,car,126,4.761904761904762,7.9361682568340015,0.600025680882482
2016-11-01,B,credit_card,2722,9.074210139603233,7.9361682568340015,1.1433994146720918
2016-11-01,B,debt_consolidation,6138,9.156076898012381,7.9361682568340015,1.153715067737871
2016-11-01,B,home_improvement,802,7.231920199501247,7.9361682568340015,0.9112609467766373
2016-11-01,B,major_purchase,254,9.05511811023622,7.9361682568340015,1.1409937160088142
2016-11-01,B,medical,159,12.578616352201259,7.9361682568340015,1.5849734966707072
2016-11-01,B,moving,48,14.583333333333334,7.9361682568340015,1.837578647702601
2016-11-01,B,other,666,7.3573573573573565,7.9361682568340015,0.9270667051472581
2016-11-01,B,small_business,111,11.711711711711711,7.9361682568340015,1.4757388367650233
2016-11-01,B,vacation,104,9.615384615384617,7.9361682568340015,1.2115903171665503
2016-11-01,C,car,94,9.574468085106384,13.199692948113462,0.7253553641544968
2016-11-01,C,credit_card,2166,14.635272391505078,13.199692948113462,1.1087585483264437
2016-11-01,C,debt_consolidation,7219,14.198642471256406,13.199692948113462,1.0756797546026036
2016-11-01,C,home_improvement,788,14.213197969543149,13.199692948113462,1.076782469517561
2016-11-01,C,house,51,13.725490196078432,13.199692948113462,1.03983405144588
2016-11-01,C,major_purchase,240,14.583333333333334,13.199692948113462,1.1048236796612474
2016-11-01,C,medical,186,13.440860215053762,13.199692948113462,1.0182706724988453
2016-11-01,C,moving,104,9.615384615384617,13.199692948113462,0.7284551734030204
2016-11-01,C,other,895,13.29608938547486,13.199692948113462,1.0073029302833272
2016-11-01,C,small_business,102,21.568627450980394,13.199692948113462,1.6340249379863827
2016-11-01,C,vacation,81,11.11111111111111,13.199692948113462,0.8417704225990456
2016-11-01,D,car,43,23.25581395348837,18.88392967228072,1.2315134803549412
2016-11-01,D,credit_card,692,23.699421965317917,18.88392967228072,1.2550047779570874
2016-11-01,D,debt_consolidation,3328,21.033653846153847,18.88392967228072,1.1138388148642948
2016-11-01,D,home_improvement,289,17.647058823529413,18.88392967228072,0.9345014056811025
2016-11-01,D,major_purchase,129,16.27906976744186,18.88392967228072,0.8620594362484589
2016-11-01,D,medical,51,11.76470588235294,18.88392967228072,0.6230009371207349
2016-11-01,D,moving,39,25.64102564102564,18.88392967228072,1.3578225552631402
2016-11-01,D,other,417,17.74580335731415,18.88392967228072,0.9397304303331949
2016-11-01,D,small_business,68,22.058823529411764,18.88392967228072,1.168126757101378
2016-11-01,E,credit_card,172,33.72093023255814,26.68775204771489,1.2635358037000892
2016-11-01,E,debt_consolidation,1138,29.876977152899826,26.68775204771489,1.119501451432962
2016-11-01,E,home_improvement,107,27.102803738317753,26.68775204771489,1.0155521412916604
2016-11-01,E,major_purchase,35,31.428571428571427,26.68775204771489,1.1776402663056988
2016-11-01,E,other,141,30.49645390070922,26.68775204771489,1.1427134756867035
2016-11-01,E,small_business,32,28.125,26.68775204771489,1.053854215586066
2016-11-01,F,credit_card,30,23.333333333333332,34.89234449760766,0.6687235744486343
2016-11-01,F,debt_consolidation,270,44.81481481481481,34.89234449760766,1.2843738493378531
2016-11-01,F,other,35,37.142857142857146,34.89234449760766,1.0644987511631323
2016-11-01,G,debt_consolidation,79,44.303797468354425,38.06706114398422,1.1638355086246475
2016-12-01,A,car,91,1.098901098901099,3.282474302988035,0.3347782792696259
2016-12-01,A,credit_card,1307,4.284621270084163,3.282474302988035,1.3053023038699414
2016-12-01,A,debt_consolidation,2149,3.5365286179618427,3.282474302988035,1.077397198431239
2016-12-01,A,home_improvement,441,4.535147392290249,3.282474302988035,1.381624644604805
2016-12-01,A,major_purchase,136,4.411764705882353,3.282474302988035,1.3440363270677627
2016-12-01,A,medical,77,6.493506493506493,3.282474302988035,1.9782352865932433
2016-12-01,A,other,229,5.240174672489083,3.282474302988035,1.596409960534635
2016-12-01,A,small_business,47,0.0,3.282474302988035,0.0
2016-12-01,A,vacation,44,4.545454545454546,3.282474302988035,1.3847647006152706
2016-12-01,B,car,132,9.848484848484848,7.9361682568340015,1.240962203643315
2016-12-01,B,credit_card,2642,7.834973504920514,7.9361682568340015,0.9872489155170889
2016-12-01,B,debt_consolidation,5815,8.564058469475494,7.9361682568340015,1.0791175529955281
2016-12-01,B,home_improvement,770,7.532467532467532,7.9361682568340015,0.9491315315777441
2016-12-01,B,house,37,10.81081081081081,7.9361682568340015,1.3622204647061753
2016-12-01,B,major_purchase,284,9.507042253521126,7.9361682568340015,1.1979385952829833
2016-12-01,B,medical,160,8.125,7.9361682568340015,1.0237938180057349
2016-12-01,B,moving,68,7.352941176470589,7.9361682568340015,0.9265102425391266
2016-12-01,B,other,700,7.142857142857142,7.9361682568340015,0.9000385213237229
2016-12-01,B,small_business,104,7.6923076923076925,7.9361682568340015,0.9692722537332401
2016-12-01,B,vacation,129,9.30232558139535,7.9361682568340015,1.1721431905611277
2016-12-01,C,car,125,8.799999999999999,13.199692948113462,0.666682174698444
2016-12-01,C,credit_card,2132,14.49343339587242,13.199692948113462,1.0980129199099182
2016-12-01,C,debt_consolidation,7205,14.614850798056905,13.199692948113462,1.1072114219252123
2016-12-01,C,home_improvement,774,12.661498708010335,13.199692948113462,0.9592267606361217
2016-12-01,C,house,56,23.214285714285715,13.199692948113462,1.7586989186444346
2016-12-01,C,major_purchase,281,13.87900355871886,13.199692948113462,1.051464122178879
2016-12-01,C,medical,170,10.588235294117647,13.199692948113462,0.8021576968296787
2016-12-01,C,moving,96,14.583333333333334,13.199692948113462,1.1048236796612474
2016-12-01,C,other,1005,11.741293532338307,13.199692948113462,0.8895126256718272
2016-12-01,C,small_business,167,12.574850299401197,13.199692948113462,0.9526623345582013
2016-12-01,C,vacation,128,14.84375,13.199692948113462,1.1245526739409124
2016-12-01,D,car,50,14.000000000000002,18.88392967228072,0.7413711151736747
2016-12-01,D,credit_card,802,22.194513715710723,18.88392967228072,1.1753122417252768
2016-12-01,D,debt_consolidation,3697,20.719502299161483,18.88392967228072,1.0972028946694903
2016-12-01,D,home_improvement,323,20.743034055727556,18.88392967228072,1.098449020712875
2016-12-01,D,house,39,17.94871794871795,18.88392967228072,0.9504757886841982
2016-12-01,D,major_purchase,138,26.08695652173913,18.88392967228072,1.3814368605720644
2016-12-01,D,medical,76,22.36842105263158,18.88392967228072,1.1845215186045552
2016-12-01,D,moving,53,20.754716981132077,18.88392967228072,1.0990676909582777
2016-12-01,D,other,526,18.44106463878327,18.88392967228072,0.9765480468746122
2016-12-01,D,small_business,127,24.409448818897637,18.88392967228072,1.2926043065457768
2016-12-01,D,vacation,31,22.58064516129032,18.88392967228072,1.195759863183346
2016-12-01,E,credit_card,218,28.899082568807337,26.68775204771489,1.08285937748293
2016-12-01,E,debt_consolidation,1284,26.401869158878505,26.68775204771489,0.9892878617754969
2016-12-01,E,home_improvement,118,27.966101694915253,26.68775204771489,1.0479002369669355
2016-12-01,E,major_purchase,48,25.0,26.68775204771489,0.9367593027431697
2016-12-01,E,other,160,25.0,26.68775204771489,0.9367593027431697
2016-12-01,E,small_business,39,33.33333333333333,26.68775204771489,1.2490124036575594
2016-12-01,F,credit_card,49,40.816326530612244,34.89234449760766,1.1697788474320134
2016-12-01,F,debt_consolidation,418,34.92822966507177,34.89234449760766,1.0010284538909837
2016-12-01,F,home_improvement,35,37.142857142857146,34.89234449760766,1.0644987511631323
2016-12-01,F,other,57,26.31578947368421,34.89234449760766,0.7541995200548507
2016-12-01,G,debt_consolidation,127,42.51968503937008,38.06706114398422,1.1169678919668722
2017-01-01,A,car,69,2.898550724637681,3.282474302988035,0.8830383598126363
2017-01-01,A,credit_card,1407,2.8429282160625444,3.282474302988035,0.866093060797042
2017-01-01,A,debt_consolidation,2179,2.569986232216613,3.282474302988035,0.7829417673969772
2017-01-01,A,home_improvement,441,2.7210884353741496,3.282474302988035,0.828974786762883
2017-01-01,A,major_purchase,112,0.0,3.282474302988035,0.0
2017-01-01,A,medical,65,3.076923076923077,3.282474302988035,0.9373791819549524
2017-01-01,A,other,199,3.5175879396984926,3.282474302988035,1.0716269542449832
2017-01-01,A,small_business,40,2.5,3.282474302988035,0.7616205853383988
2017-01-01,A,vacation,39,2.564102564102564,3.282474302988035,0.7811493182957936
2017-01-01,B,car,101,6.9306930693069315,7.9361682568340015,0.873304703858662
2017-01-01,B,credit_card,2487,6.915963007639727,7.9361682568340015,0.8714486366495878
2017-01-01,B,debt_consolidation,5188,7.131842713955281,7.9361682568340015,0.898650643881435
2017-01-01,B,home_improvement,598,6.354515050167224,7.9361682568340015,0.8007031661274593
2017-01-01,B,major_purchase,186,6.451612903225806,7.9361682568340015,0.8129380192601369
2017-01-01,B,medical,119,6.722689075630252,7.9361682568340015,0.8470950788929158
2017-01-01,B,moving,67,8.955223880597014,7.9361682568340015,1.12840650434616
2017-01-01,B,other,497,8.249496981891348,7.9361682568340015,1.0394811091344405
2017-01-01,B,small_business,86,6.976744186046512,7.9361682568340015,0.8791073929208457
2017-01-01,B,vacation,73,4.10958904109589,7.9361682568340015,0.517830382131457
2017-01-01,C,car,114,6.140350877192982,13.199692948113462,0.46518891775210414
2017-01-01,C,credit_card,2077,12.710640346653829,13.199692948113462,0.9629496986496545
2017-01-01,C,debt_consolidation,6611,12.645590682196339,13.199692948113462,0.9580215791310269
2017-01-01,C,home_improvement,665,11.729323308270677,13.199692948113462,0.888605769420346
2017-01-01,C,house,41,19.51219512195122,13.199692948113462,1.4782309860275922
2017-01-01,C,major_purchase,216,12.5,13.199692948113462,0.9469917254239263
2017-01-01,C,medical,146,15.068493150684931,13.199692948113462,1.1415790662644592
2017-01-01,C,moving,85,8.235294117647058,13.199692948113462,0.6239004308675279
2017-01-01,C,other,720,13.333333333333334,13.199692948113462,1.0101245071188547
2017-01-01,C,small_business,139,12.23021582733813,13.199692948113462,0.9265530550910358
2017-01-01,C,vacation,67,11.940298507462686,13.199692948113462,0.9045891108527057
2017-01-01,D,car,43,16.27906976744186,18.88392967228072,0.8620594362484589
2017-01-01,D,credit_card,588,19.727891156462583,18.88392967228072,1.0446920476208241
2017-01-01,D,debt_consolidation,2857,19.74098704935247,18.88392967228072,1.0453855416719648
2017-01-01,D,home_improvement,271,22.14022140221402,18.88392967228072,1.1724371879393904
2017-01-01,D,major_purchase,92,29.347826086956523,18.88392967228072,1.5541164681435726
2017-01-01,D,medical,62,24.193548387096776,18.88392967228072,1.2811712819821566
2017-01-01,D,moving,41,34.146341463414636,18.88392967228072,1.8082222321309138
2017-01-01,D,other,341,14.95601173020528,18.88392967228072,0.7919967924980605
2017-01-01,D,small_business,79,17.72151898734177,18.88392967228072,0.9384444495869299
2017-01-01,D,vacation,32,25.0,18.88392967228072,1.3238769913815618
2017-01-01,E,credit_card,215,24.651162790697676,26.68775204771489,0.9236882427048929
2017-01-01,E,debt_consolidation,1115,27.17488789237668,26.68775204771489,1.0182531613674632
2017-01-01,E,home_improvement,103,15.53398058252427,26.68775204771489,0.5820640327724549
2017-01-01,E,major_purchase,36,13.88888888888889,26.68775204771489,0.5204218348573165
2017-01-01,E,other,154,26.623376623376622,26.68775204771489,0.9975878288953235
2017-01-01,E,small_business,38,23.684210526315788,26.68775204771489,0.8874561815461607
2017-01-01,F,credit_card,61,24.59016393442623,34.89234449760766,0.7047438138217458
2017-01-01,F,debt_consolidation,374,32.62032085561498,34.89234449760766,0.9348847526669221
2017-01-01,F,home_improvement,31,38.70967741935484,34.89234449760766,1.1094031649839096
2017-01-01,F,other,54,38.88888888888889,34.89234449760766,1.114539290747724
2017-01-01,G,debt_consolidation,109,35.77981651376147,38.06706114398422,0.9399153871749775
2017-02-01,A,car,69,1.4492753623188406,3.282474302988035,0.44151917990631817
2017-02-01,A,credit_card,1281,2.810304449648712,3.282474302988035,0.8561542879682235
2017-02-01,A,debt_consolidation,1936,2.427685950413223,3.282474302988035,0.7395902378286104
2017-02-01,A,home_improvement,440,2.727272727272727,3.282474302988035,0.8308588203691623
2017-02-01,A,major_purchase,97,5.154639175257731,3.282474302988035,1.5703517223472139
2017-02-01,A,medical,73,8.21917808219178,3.282474302988035,2.5039580887837767
2017-02-01,A,other,226,4.424778761061947,3.282474302988035,1.348001035997166
2017-02-01,A,small_business,38,2.631578947368421,3.282474302988035,0.8017058793035776
2017-02-01,A,vacation,36,2.7777777777777777,3.282474302988035,0.8462450948204431
2017-02-01,B,car,102,8.823529411764707,7.9361682568340015,1.111812291046952
2017-02-01,B,credit_card,2171,6.54076462459696,7.9361682568340015,0.824171616946827
2017-02-01,B,debt_consolidation,4344,7.780847145488029,7.9361682568340015,0.9804287023259339
2017-02-01,B,home_improvement,564,6.382978723404255,7.9361682568340015,0.8042897424594971
2017-02-01,B,major_purchase,187,6.417112299465241,7.9361682568340015,0.808590757125056
2017-02-01,B,medical,111,8.108108108108109,7.9361682568340015,1.0216653485296316
2017-02-01,B,moving,58,10.344827586206897,7.9361682568340015,1.303504065365392
2017-02-01,B,other,426,5.39906103286385,7.9361682568340015,0.6803108071977437
2017-02-01,B,small_business,74,12.162162162162163,7.9361682568340015,1.5324980227944474
2017-02-01,B,vacation,79,13.924050632911392,7.9361682568340015,1.7545054719475106
2017-02-01,C,car,97,7.216494845360824,13.199692948113462,0.5467168724096894
2017-02-01,C,credit_card,1944,11.934156378600823,13.199692948113462,0.9041237872360119
2017-02-01,C,debt_consolidation,5977,12.113100217500419,13.199692948113462,0.9176804540162927
2017-02-01,C,home_improvement,651,12.442396313364055,13.199692948113462,0.9426277082560741
2017-02-01,C,house,49,12.244897959183673,13.199692948113462,0.9276653636805808
2017-02-01,C,major_purchase,196,13.77551020408163,13.199692948113462,1.0436235341406532
2017-02-01,C,medical,136,17.647058823529413,13.199692948113462,1.3369294947161314
2017-02-01,C,moving,69,20.28985507246377,13.199692948113462,1.5371459890939094
2017-02-01,C,other,614,12.37785016286645,13.199692948113462,0.9377377346217382
2017-02-01,C,small_business,132,12.878787878787879,13.199692948113462,0.9756884443761665
2017-02-01,C,vacation,72,25.0,13.199692948113462,1.8939834508478526
2017-02-01,D,car,38,21.052631578947366,18.88392967228072,1.114843782216052
2017-02-01,D,credit_card,450,18.666666666666668,18.88392967228072,0.9884948202315662
2017-02-01,D,debt_consolidation,2016,19.49404761904762,18.88392967228072,1.0323088444701465
2017-02-01,D,home_improvement,212,18.39622641509434,18.88392967228072,0.9741736351675644
2017-02-01,D,major_purchase,79,13.924050632911392,18.88392967228072,0.7373492103897306
2017-02-01,D,medical,40,25.0,18.88392967228072,1.3238769913815618
2017-02-01,D,other,293,16.723549488054605,18.88392967228072,0.8855968952586556
2017-02-01,D,small_business,58,27.586206896551722,18.88392967228072,1.4608297835934474
2017-02-01,E,credit_card,186,25.806451612903224,26.68775204771489,0.9669773447671428
2017-02-01,E,debt_consolidation,951,24.395373291272346,26.68775204771489,0.914103714979665
2017-02-01,E,home_improvement,105,26.666666666666668,26.68775204771489,0.9992099229260477
2017-02-01,E,major_purchase,42,26.190476190476193,26.68775204771489,0.9813668885880826
2017-02-01,E,other,127,13.385826771653544,26.68775204771489,0.5015719101302011
2017-02-01,F,credit_card,56,23.214285714285715,34.89234449760766,0.6653117194769577
2017-02-01,F,debt_consolidation,338,31.65680473372781,34.89234449760766,0.9072707835926105
2017-02-01,F,other,55,36.36363636363637,34.89234449760766,1.0421666095303395
2017-02-01,G,debt_consolidation,88,35.22727272727273,38.06706114398422,0.9254003768252473
2017-03-01,A,car,102,1.9607843137254901,3.282474302988035,0.5973494786967833
2017-03-01,A,credit_card,1861,2.7941966684578183,3.282474302988035,0.8512470808725789
2017-03-01,A,debt_consolidation,2793,3.186537773003938,3.282474302988035,0.9707731055512708
2017-03-01,A,home_improvement,635,2.5196850393700787,3.282474302988035,0.7676175978213783
2017-03-01,A,major_purchase,171,2.3391812865497075,3.282474302988035,0.7126274482698468
2017-03-01,A,medical,95,3.1578947368421053,3.282474302988035,0.9620470551642932
2017-03-01,A,other,324,2.1604938271604937,3.282474302988035,0.658190629304789
2017-03-01,A,small_business,48,8.333333333333332,3.282474302988035,2.538735284461329
2017-03-01,A,vacation,55,0.0,3.282474302988035,0.0
2017-03-01,B,car,150,2.0,7.9361682568340015,0.2520107859706424
2017-03-01,B,credit_card,2818,6.210078069552875,7.9361682568340015,0.7825033276235349
2017-03-01,B,debt_consolidation,5973,7.014900385066131,7.9361682568340015,0.883915279773139
2017-03-01,B,home_improvement,883,7.021517553793885,7.9361682568340015,0.8847490787191298
2017-03-01,B,house,38,10.526315789473683,7.9361682568340015,1.3263725577402232
2017-03-01,B,major_purchase,249,4.417670682730924,7.9361682568340015,0.5566503304572423
2017-03-01,B,medical,164,8.536585365853659,7.9361682568340015,1.0756557937771325
2017-03-01,B,moving,79,6.329113924050633,7.9361682568340015,0.7975024872488684
2017-03-01,B,other,633,6.6350710900473935,7.9361682568340015,0.8360547401869655
2017-03-01,B,small_business,94,8.51063829787234,7.9361682568340015,1.0723863232793296
2017-03-01,B,vacation,103,7.766990291262135,7.9361682568340015,0.9786826639636599
2017-03-01,C,car,130,11.538461538461538,13.199692948113462,0.8741462080836243
2017-03-01,C,credit_card,2479,12.303348124243646,13.199692948113462,0.9320935094934975
2017-03-01,C,debt_consolidation,7596,11.808846761453397,13.199692948113462,0.8946304135916398
2017-03-01,C,home_improvement,958,11.691022964509393,13.199692948113462,0.8857041607305197
2017-03-01,C,house,44,13.636363636363635,13.199692948113462,1.0330818822806467
2017-03-01,C,major_purchase,305,9.180327868852459,13.199692948113462,0.6954955622785557
2017-03-01,C,medical,173,15.606936416184972,13.199692948113462,1.1823711716275611
2017-03-01,C,moving,101,8.91089108910891,13.199692948113462,0.675083210203195
2017-03-01,C,other,797,11.041405269761606,13.199692948113462,0.8364895542013101
2017-03-01,C,small_business,153,11.76470588235294,13.199692948113462,0.8912863298107541
2017-03-01,C,vacation,126,11.904761904761903,13.199692948113462,0.9018968813561202
2017-03-01,D,car,42,11.904761904761903,18.88392967228072,0.6304176149436008
2017-03-01,D,credit_card,603,18.076285240464347,18.88392967228072,0.9572311247800349
2017-03-01,D,debt_consolidation,2722,17.34019103600294,18.88392967228072,0.9182511975490039
2017-03-01,D,home_improvement,288,12.847222222222221,18.88392967228072,0.6803256761266359
2017-03-01,D,major_purchase,99,22.22222222222222,18.88392967228072,1.1767795478947216
2017-03-01,D,medical,68,25.0,18.88392967228072,1.3238769913815618
2017-03-01,D,moving,34,11.76470588235294,18.88392967228072,0.6230009371207349
2017-03-01,D,other,352,16.193181818181817,18.88392967228072,0.857511233053966
2017-03-01,D,small_business,67,29.850746268656714,18.88392967228072,1.5807486464257452
2017-03-01,D,vacation,37,29.72972972972973,18.88392967228072,1.5743402059672627
2017-03-01,E,credit_card,216,25.925925925925924,26.68775204771489,0.9714540917336574
2017-03-01,E,debt_consolidation,1093,23.513266239707228,26.68775204771489,0.8810508355169061
2017-03-01,E,home_improvement,122,18.0327868852459,26.68775204771489,0.675695234765565
2017-03-01,E,major_purchase,48,31.25,26.68775204771489,1.1709491284289621
2017-03-01,E,other,189,20.634920634920633,26.68775204771489,0.7731981546451558
2017-03-01,E,small_business,37,24.324324324324326,26.68775204771489,0.9114414837501111
2017-03-01,F,credit_card,67,29.850746268656714,34.89234449760766,0.8555099033458008
2017-03-01,F,debt_consolidation,436,32.3394495412844,34.89234449760766,0.9268350982692409
2017-03-01,F,home_improvement,34,38.23529411764706,34.89234449760766,1.0958075379620478
2017-03-01,F,other,66,31.818181818181817,34.89234449760766,0.9118957833390469
2017-03-01,G,debt_consolidation,115,38.26086956521739,38.06706114398422,1.0050912367650373
2017-04-01,A,car,97,0.0,3.282474302988035,0.0
2017-04-01,A,credit_card,1306,2.5267993874425727,3.282474302988035,0.769784971398688
2017-04-01,A,debt_consolidation,2121,2.876001885902876,3.282474302988035,0.8761688959102749
2017-04-01,A,home_improvement,624,3.3653846153846154,3.282474302988035,1.0252584802632292
2017-04-01,A,major_purchase,146,1.36986301369863,3.282474302988035,0.41732634813062947
2017-04-01,A,medical,77,0.0,3.282474302988035,0.0
2017-04-01,A,other,286,2.797202797202797,3.282474302988035,0.8521628926863203
2017-04-01,A,small_business,35,0.0,3.282474302988035,0.0
2017-04-01,A,vacation,58,0.0,3.282474302988035,0.0
2017-04-01,B,car,110,6.363636363636363,7.9361682568340015,0.8018525008156804
2017-04-01,B,credit_card,2159,6.0676238999536825,7.9361682568340015,0.7645533340007911
2017-04-01,B,debt_consolidation,4438,6.534474988733664,7.9361682568340015,0.8233790889081378
2017-04-01,B,home_improvement,770,8.311688311688311,7.9361682568340015,1.0473175520857867
2017-04-01,B,major_purchase,221,5.88235294117647,7.9361682568340015,0.7412081940313012
2017-04-01,B,medical,142,7.746478873239436,7.9361682568340015,0.9760981146750234
2017-04-01,B,moving,64,7.8125,7.9361682568340015,0.984417132697822
2017-04-01,B,other,585,6.666666666666667,7.9361682568340015,0.8400359532354749
2017-04-01,B,small_business,59,8.47457627118644,7.9361682568340015,1.0678423134349253
2017-04-01,B,vacation,81,9.876543209876543,7.9361682568340015,1.2444977084969997
2017-04-01,C,car,134,13.432835820895523,13.199692948113462,1.017662749709294
2017-04-01,C,credit_card,1889,12.175754367390153,13.199692948113462,0.9224270909370166
2017-04-01,C,debt_consolidation,6139,11.793451702231634,13.199692948113462,0.893464094096006
2017-04-01,C,home_improvement,826,11.016949152542372,13.199692948113462,0.8346367749499011
2017-04-01,C,house,43,9.30232558139535,13.199692948113462,0.7047380282224568
2017-04-01,C,major_purchase,233,7.725321888412018,13.199692948113462,0.5852652723650017
2017-04-01,C,medical,139,14.388489208633093,13.199692948113462,1.0900624177541598
2017-04-01,C,moving,86,19.767441860465116,13.199692948113462,1.4975683099727206
2017-04-01,C,other,759,11.989459815546773,13.199692948113462,0.9083135390100374
2017-04-01,C,small_business,115,13.91304347826087,13.199692948113462,1.0540429639501092
2017-04-01,C,vacation,83,9.63855421686747,13.199692948113462,0.7302104870738709
2017-04-01,D,credit_card,503,15.109343936381709,18.88392967228072,0.8001165116898504
2017-04-01,D,debt_consolidation,2139,17.90556334735858,18.88392967228072,0.9481905333317218
2017-04-01,D,home_improvement,312,13.782051282051283,18.88392967228072,0.729829623453938
2017-04-01,D,major_purchase,75,12.0,18.88392967228072,0.6354609558631497
2017-04-01,D,medical,47,14.893617021276595,18.88392967228072,0.7886926757166751
2017-04-01,D,moving,33,15.151515151515152,18.88392967228072,0.8023496917464011
2017-04-01,D,other,285,14.035087719298245,18.88392967228072,0.7432291881440347
2017-04-01,D,small_business,61,26.229508196721312,18.88392967228072,1.388985695875737
2017-04-01,E,credit_card,181,19.88950276243094,26.68775204771489,0.7452670695857262
2017-04-01,E,debt_consolidation,971,24.51081359423275,26.68775204771489,0.9184293060880511
2017-04-01,E,home_improvement,125,21.6,26.68775204771489,0.8093600375700987
2017-04-01,E,major_purchase,42,28.57142857142857,26.68775204771489,1.0705820602779081
2017-04-01,E,medical,30,13.333333333333334,26.68775204771489,0.49960496146302386
2017-04-01,E,other,145,22.06896551724138,26.68775204771489,0.8269323500077637
2017-04-01,E,small_business,30,23.333333333333332,26.68775204771489,0.8743086825602916
2017-04-01,F,credit_card,59,35.59322033898305,34.89234449760766,1.0200868084809678
2017-04-01,F,debt_consolidation,325,32.61538461538461,34.89234449760766,0.9347432820864428
2017-04-01,F,home_improvement,37,21.62162162162162,34.89234449760766,0.6196666326937152
2017-04-01,F,other,51,31.372549019607842,34.89234449760766,0.8991241337124495
2017-04-01,G,debt_consolidation,94,43.61702127659575,38.06706114398422,1.145794289493992
2017-05-01,A,car,121,3.3057851239669422,3.282474302988035,1.0071016004474695
2017-05-01,A,credit_card,1671,2.214242968282466,3.282474302988035,0.67456521023389
2017-05-01,A,debt_consolidation,2844,3.0942334739803097,3.282474302988035,0.9426527638506202
2017-05-01,A,home_improvement,793,3.6569987389659517,3.282474302988035,1.1140982080612138
2017-05-01,A,major_purchase,200,4.0,3.282474302988035,1.218592936541438
2017-05-01,A,medical,110,3.6363636363636362,3.282474302988035,1.1078117604922164
2017-05-01,A,moving,52,0.0,3.282474302988035,0.0
2017-05-01,A,other,338,3.5502958579881656,3.282474302988035,1.0815913637941759
2017-05-01,A,small_business,64,9.375,3.282474302988035,2.8560771950189956
2017-05-01,A,vacation,93,3.225806451612903,3.282474302988035,0.982736239146321
2017-05-01,B,car,128,4.6875,7.9361682568340015,0.5906502796186932
2017-05-01,B,credit_card,2752,7.340116279069768,7.9361682568340015,0.9248942363021398
2017-05-01,B,debt_consolidation,5880,6.63265306122449,7.9361682568340015,0.8357500555148856
2017-05-01,B,home_improvement,995,6.231155778894473,7.9361682568340015,0.7851592326723533
2017-05-01,B,major_purchase,268,4.104477611940299,7.9361682568340015,0.51718631449199
2017-05-01,B,medical,169,6.508875739644971,7.9361682568340015,0.8201534454665879
2017-05-01,B,moving,96,13.541666666666666,7.9361682568340015,1.706323030009558
2017-05-01,B,other,592,5.574324324324325,7.9361682568340015,0.7023949271141217
2017-05-01,B,small_business,84,15.476190476190476,7.9361682568340015,1.9500834628680666
2017-05-01,B,vacation,120,7.5,7.9361682568340015,0.9450404473899091
2017-05-01,C,car,155,9.67741935483871,13.199692948113462,0.7331548841991687
2017-05-01,C,credit_card,2420,11.40495867768595,13.199692948113462,0.864032119725632
2017-05-01,C,debt_consolidation,7916,11.104092976250632,13.199692948113462,0.841238733347783
2017-05-01,C,home_improvement,1071,9.617180205415501,13.199692948113462,0.7285912061151404
2017-05-01,C,house,57,8.771929824561402,13.199692948113462,0.6645555967887201
2017-05-01,C,major_purchase,274,10.218978102189782,13.199692948113462,0.7741830164049617
2017-05-01,C,medical,205,13.170731707317074,13.199692948113462,0.9978059155686249
2017-05-01,C,moving,118,17.796610169491526,13.199692948113462,1.348259405688302
2017-05-01,C,other,854,10.889929742388759,13.199692948113462,0.8250138685192051
2017-05-01,C,small_business,127,17.322834645669293,13.199692948113462,1.3123664856268586
2017-05-01,C,vacation,142,11.971830985915492,13.199692948113462,0.9069779905468589
2017-05-01,D,car,46,10.869565217391305,18.88392967228072,0.5755986919050269
2017-05-01,D,credit_card,600,16.166666666666664,18.88392967228072,0.8561071210934098
2017-05-01,D,debt_consolidation,2616,18.539755351681958,18.88392967228072,0.9817742214373968
2017-05-01,D,home_improvement,315,14.920634920634921,18.88392967228072,0.7901234107293131
2017-05-01,D,major_purchase,105,15.238095238095239,18.88392967228072,0.8069345471278091
2017-05-01,D,medical,83,15.66265060240964,18.88392967228072,0.8294169102631472
2017-05-01,D,moving,58,17.24137931034483,18.88392967228072,0.9130186147459047
2017-05-01,D,other,349,17.478510028653297,18.88392967228072,0.9255758908226392
2017-05-01,D,small_business,61,22.950819672131146,18.88392967228072,1.2153624838912698
2017-05-01,D,vacation,42,21.428571428571427,18.88392967228072,1.1347517068984814
2017-05-01,E,credit_card,211,18.009478672985782,26.68775204771489,0.6748218673789659
2017-05-01,E,debt_consolidation,1059,22.568460812086872,26.68775204771489,0.8456486245726819
2017-05-01,E,home_improvement,118,25.423728813559322,26.68775204771489,0.9526365790608505
2017-05-01,E,major_purchase,34,20.588235294117645,26.68775204771489,0.7714488375531985
2017-05-01,E,other,160,29.375,26.68775204771489,1.1006921807232244
2017-05-01,E,small_business,38,28.947368421052634,26.68775204771489,1.0846686663341965
2017-05-01,F,credit_card,64,31.25,34.89234449760766,0.8956119300651353
2017-05-01,F,debt_consolidation,396,30.555555555555557,34.89234449760766,0.8757094427303546
2017-05-01,F,home_improvement,37,21.62162162162162,34.89234449760766,0.6196666326937152
2017-05-01,F,other,72,40.27777777777778,34.89234449760766,1.1543442654172855
2017-05-01,G,debt_consolidation,158,28.48101265822785,38.06706114398422,0.7481799698301306
2017-05-01,G,other,39,30.76923076923077,38.06706114398422,0.8082901554404146
2017-06-01,A,car,122,1.639344262295082,3.282474302988035,0.4994233346481304
2017-06-01,A,credit_card,1606,2.5529265255292652,3.282474302988035,0.7777445578798095
2017-06-01,A,debt_consolidation,3273,2.2303696914146043,3.282474302988035,0.6794781879584859
2017-06-01,A,home_improvement,795,2.3899371069182394,3.282474302988035,0.7280901193172116
2017-06-01,A,house,36,5.555555555555555,3.282474302988035,1.6924901896408862
2017-06-01,A,major_purchase,207,2.4154589371980677,3.282474302988035,0.7358652998438636
2017-06-01,A,medical,153,4.57516339869281,3.282474302988035,1.3938154502924944
2017-06-01,A,moving,58,6.896551724137931,3.282474302988035,2.1010223043817895
2017-06-01,A,other,382,3.4031413612565444,3.282474302988035,1.0367610062198098
2017-06-01,A,small_business,54,7.4074074074074066,3.282474302988035,2.256653586187848
2017-06-01,A,vacation,111,5.405405405405405,3.282474302988035,1.646747211542484
2017-06-01,B,car,152,5.263157894736842,7.9361682568340015,0.6631862788701116
2017-06-01,B,credit_card,2623,6.8623713305375516,7.9361682568340015,0.8646957963155858
2017-06-01,B,debt_consolidation,6237,5.788039121372455,7.9361682568340015,0.7293241441029494
2017-06-01,B,home_improvement,950,7.7894736842105265,7.9361682568340015,0.9815156927277653
2017-06-01,B,major_purchase,281,7.11743772241993,7.9361682568340015,0.8968355372620729
2017-06-01,B,medical,182,3.296703296703297,7.9361682568340015,0.4154023944571029
2017-06-01,B,moving,99,9.090909090909092,7.9361682568340015,1.1455035725938294
2017-06-01,B,other,720,6.805555555555555,7.9361682568340015,0.8575367022612138
2017-06-01,B,small_business,87,11.494252873563218,7.9361682568340015,1.448337850405991
2017-06-01,B,vacation,150,8.666666666666668,7.9361682568340015,1.0920467392061173
2017-06-01,C,car,146,8.904109589041095,13.199692948113462,0.6745694482471803
2017-06-01,C,credit_card,2334,10.154241645244216,13.199692948113462,0.7692786252801047
2017-06-01,C,debt_consolidation,7801,10.088450198692476,13.199692948113462,0.7642943088410512
2017-06-01,C,home_improvement,951,11.56677181913775,13.199692948113462,0.8762909762072084
2017-06-01,C,house,48,8.333333333333332,13.199692948113462,0.6313278169492841
2017-06-01,C,major_purchase,341,9.3841642228739,13.199692948113462,0.7109380695264667
2017-06-01,C,medical,192,14.583333333333334,13.199692948113462,1.1048236796612474
2017-06-01,C,moving,121,14.87603305785124,13.199692948113462,1.126998417033433
2017-06-01,C,other,878,10.592255125284739,13.199692948113462,0.8024622365779057
2017-06-01,C,small_business,103,16.50485436893204,13.199692948113462,1.2503968413364466
2017-06-01,C,vacation,151,6.622516556291391,13.199692948113462,0.5017174704232722
2017-06-01,D,car,39,17.94871794871795,18.88392967228072,0.9504757886841982
2017-06-01,D,credit_card,552,15.39855072463768,18.88392967228072,0.815431480198788
2017-06-01,D,debt_consolidation,2606,18.112049117421336,18.88392967228072,0.9591250037330732
2017-06-01,D,home_improvement,304,13.157894736842104,18.88392967228072,0.6967773638850325
2017-06-01,D,major_purchase,86,22.093023255813954,18.88392967228072,1.1699378063371941
2017-06-01,D,medical,45,20.0,18.88392967228072,1.0591015931052494
2017-06-01,D,moving,45,20.0,18.88392967228072,1.0591015931052494
2017-06-01,D,other,378,15.343915343915343,18.88392967228072,0.812538259260641
2017-06-01,D,small_business,47,23.404255319148938,18.88392967228072,1.2393742046976324
2017-06-01,D,vacation,58,18.96551724137931,18.88392967228072,1.0043204762204951
2017-06-01,E,credit_card,190,21.052631578947366,26.68775204771489,0.7888499391521429
2017-06-01,E,debt_consolidation,965,22.590673575129532,26.68775204771489,0.8464809450694756
2017-06-01,E,home_improvement,105,22.857142857142858,26.68775204771489,0.8564656482223265
2017-06-01,E,major_purchase,37,13.513513513513514,26.68775204771489,0.5063563798611728
2017-06-01,E,other,154,22.727272727272727,26.68775204771489,0.8515993661301542
2017-06-01,F,credit_card,68,25.0,34.89234449760766,0.7164895440521083
2017-06-01,F,debt_consolidation,355,30.704225352112672,34.89234449760766,0.8799702569203357
2017-06-01,F,home_improvement,39,25.64102564102564,34.89234449760766,0.734861070822675
2017-06-01,F,other,59,27.11864406779661,34.89234449760766,0.7772089969378801
2017-06-01,G,credit_card,39,30.76923076923077,38.06706114398422,0.8082901554404146
2017-06-01,G,debt_consolidation,224,29.910714285714285,38.06706114398422,0.7857374167283494
2017-06-01,G,other,39,17.94871794871795,38.06706114398422,0.47150259067357514
2017-07-01,A,car,127,2.3622047244094486,3.282474302988035,0.7196414979575421
2017-07-01,A,credit_card,1678,2.0858164481525625,3.282474302988035,0.6354402976601659
2017-07-01,A,debt_consolidation,3312,2.3852657004830915,3.282474302988035,0.7266669835958152
2017-07-01,A,home_improvement,762,3.0183727034120733,3.282474302988035,0.9195419140568594
2017-07-01,A,major_purchase,210,1.9047619047619049,3.282474302988035,0.5802823507340181
2017-07-01,A,medical,126,3.968253968253968,3.282474302988035,1.2089215640292044
2017-07-01,A,moving,57,8.771929824561402,3.282474302988035,2.6723529310119254
2017-07-01,A,other,376,2.127659574468085,3.282474302988035,0.6481877322028926
2017-07-01,A,small_business,50,6.0,3.282474302988035,1.8278894048121572
2017-07-01,A,vacation,93,4.301075268817205,3.282474302988035,1.3103149855284282
2017-07-01,B,car,132,3.787878787878788,7.9361682568340015,0.4772931552474289
2017-07-01,B,credit_card,2761,4.925751539297356,7.9361682568340015,0.6206712584572143
2017-07-01,B,debt_consolidation,6269,5.614930610942734,7.9361682568340015,0.707511538217149
2017-07-01,B,home_improvement,864,4.74537037037037,7.9361682568340015,0.5979422583794178
2017-07-01,B,house,37,8.108108108108109,7.9361682568340015,1.0216653485296316
2017-07-01,B,major_purchase,279,3.942652329749104,7.9361682568340015,0.4967954562145281
2017-07-01,B,medical,174,4.597701149425287,7.9361682568340015,0.5793351401623964
2017-07-01,B,moving,91,5.4945054945054945,7.9361682568340015,0.6923373240951716
2017-07-01,B,other,677,5.612998522895126,7.9361682568340015,0.7072680847034278
2017-07-01,B,small_business,98,6.122448979591836,7.9361682568340015,0.7714615897060483
2017-07-01,B,vacation,143,7.6923076923076925,7.9361682568340015,0.9692722537332401
2017-07-01,C,car,131,7.633587786259542,13.199692948113462,0.5783155575107947
2017-07-01,C,credit_card,2516,10.77106518282989,13.199692948113462,0.8160087681713325
2017-07-01,C,debt_consolidation,8206,9.980502071654888,13.199692948113462,0.7561162301946827
2017-07-01,C,home_improvement,999,8.208208208208207,13.199692948113462,0.6218484202983939
2017-07-01,C,house,56,1.7857142857142856,13.199692948113462,0.13528453220341805
2017-07-01,C,major_purchase,311,9.646302250803858,13.199692948113462,0.730797472995956
2017-07-01,C,medical,185,8.64864864864865,13.199692948113462,0.6552158965095274
2017-07-01,C,moving,126,9.523809523809524,13.199692948113462,0.7215175050848962
2017-07-01,C,other,998,11.022044088176353,13.199692948113462,0.8350227639008568
2017-07-01,C,small_business,108,17.59259259259259,13.199692948113462,1.3328031691151554
2017-07-01,C,vacation,143,10.48951048951049,13.199692948113462,0.7946783709851131
2017-07-01,D,car,57,17.543859649122805,18.88392967228072,0.9290364851800432
2017-07-01,D,credit_card,635,16.062992125984252,18.88392967228072,0.85061702753335
2017-07-01,D,debt_consolidation,2687,17.045031633792334,18.88392967228072,0.9026210078939417
2017-07-01,D,home_improvement,315,17.77777777777778,18.88392967228072,0.9414236383157774
2017-07-01,D,house,35,14.285714285714285,18.88392967228072,0.756501137932321
2017-07-01,D,major_purchase,109,16.51376146788991,18.88392967228072,0.8744875539401143
2017-07-01,D,medical,71,15.492957746478872,18.88392967228072,0.8204308115604044
2017-07-01,D,moving,61,9.836065573770492,18.88392967228072,0.5208696359534014
2017-07-01,D,other,409,15.158924205378973,18.88392967228072,0.8027420387839299
2017-07-01,D,small_business,45,17.77777777777778,18.88392967228072,0.9414236383157774
2017-07-01,D,vacation,48,14.583333333333334,18.88392967228072,0.7722615783059111
2017-07-01,E,credit_card,173,20.23121387283237,26.68775204771489,0.7580711120464957
2017-07-01,E,debt_consolidation,1065,21.220657276995304,26.68775204771489,0.7951459245819956
2017-07-01,E,home_improvement,136,23.52941176470588,26.68775204771489,0.8816558143465125
2017-07-01,E,major_purchase,54,20.37037037037037,26.68775204771489,0.7632853577907308
2017-07-01,E,other,187,15.508021390374333,26.68775204771489,0.5810913321829289
2017-07-01,E,small_business,31,25.806451612903224,26.68775204771489,0.9669773447671428
2017-07-01,F,credit_card,54,27.77777777777778,34.89234449760766,0.7960994933912314
2017-07-01,F,debt_consolidation,302,26.158940397350992,34.89234449760766,0.7497042911273715
2017-07-01,F,home_improvement,48,29.166666666666668,34.89234449760766,0.835904468060793
2017-07-01,F,other,58,24.137931034482758,34.89234449760766,0.6917830080503113
2017-07-01,G,credit_card,39,46.15384615384615,38.06706114398422,1.2124352331606219
2017-07-01,G,debt_consolidation,358,33.798882681564244,38.06706114398422,0.8878773844328017
2017-07-01,G,home_improvement,39,38.46153846153847,38.06706114398422,1.0103626943005184
2017-07-01,G,other,65,30.76923076923077,38.06706114398422,0.8082901554404146
2017-08-01,A,car,151,1.9867549668874174,3.282474302988035,0.6052613923219063
2017-08-01,A,credit_card,1900,1.9473684210526316,3.282474302988035,0.5932623506846475
2017-08-01,A,debt_consolidation,3673,1.8785733732643615,3.282474302988035,0.5723040608586933
2017-08-01,A,home_improvement,815,2.208588957055215,3.282474302988035,0.6728427256977266
2017-08-01,A,major_purchase,237,1.6877637130801686,3.282474302988035,0.5141742348276109
2017-08-01,A,medical,115,6.956521739130435,3.282474302988035,2.119292063550327
2017-08-01,A,moving,55,0.0,3.282474302988035,0.0
2017-08-01,A,other,453,1.545253863134658,3.282474302988035,0.4707588606948161
2017-08-01,A,small_business,77,2.5974025974025974,3.282474302988035,0.7912941146372975
2017-08-01,A,vacation,97,1.0309278350515463,3.282474302988035,0.31407034446944276
2017-08-01,B,car,177,2.824858757062147,7.9361682568340015,0.3559474378116419
2017-08-01,B,credit_card,3073,5.174096973641393,7.9361682568340015,0.6519641225078449
2017-08-01,B,debt_consolidation,7324,5.243036592026215,7.9361682568340015,0.6606508862146825
2017-08-01,B,home_improvement,1009,4.955401387512389,7.9361682568340015,0.6244072992335046
2017-08-01,B,house,60,5.0,7.9361682568340015,0.630026964926606
2017-08-01,B,major_purchase,321,6.230529595015576,7.9361682568340015,0.7850803301266119
2017-08-01,B,medical,218,2.293577981651376,7.9361682568340015,0.2890031949204615
2017-08-01,B,moving,106,9.433962264150944,7.9361682568340015,1.1887301225030305
2017-08-01,B,other,816,5.147058823529411,7.9361682568340015,0.6485571697773885
2017-08-01,B,small_business,88,7.954545454545454,7.9361682568340015,1.0023156260196004
2017-08-01,B,vacation,144,5.555555555555555,7.9361682568340015,0.7000299610295623
2017-08-01,C,car,179,7.82122905027933,13.199692948113462,0.5925311354607807
2017-08-01,C,credit_card,2655,7.871939736346516,13.199692948113462,0.5963729434684764
2017-08-01,C,debt_consolidation,8854,9.28393946238988,13.199692948113462,0.7033451080175896
2017-08-01,C,home_improvement,1052,9.125475285171103,13.199692948113462,0.6913399668494062
2017-08-01,C,house,53,5.660377358490567,13.199692948113462,0.4288264417014006
2017-08-01,C,major_purchase,359,8.913649025069638,13.199692948113462,0.6752921496059197
2017-08-01,C,medical,229,17.03056768558952,13.199692948113462,1.2902245342020306
2017-08-01,C,moving,136,15.441176470588236,13.199692948113462,1.1698133078766149
2017-08-01,C,other,1039,8.75842155919153,13.199692948113462,0.6635322195463121
2017-08-01,C,small_business,165,14.545454545454545,13.199692948113462,1.1019540077660233
2017-08-01,C,vacation,162,6.172839506172839,13.199692948113462,0.46765023477724754
2017-08-01,D,car,55,14.545454545454545,18.88392967228072,0.770255704076545
2017-08-01,D,credit_card,709,14.245416078984485,18.88392967228072,0.7543671431849802
2017-08-01,D,debt_consolidation,2962,15.530047265361244,18.88392967228072,0.8223948899871958
2017-08-01,D,home_improvement,330,12.121212121212121,18.88392967228072,0.6418797533971209
2017-08-01,D,house,35,11.428571428571429,18.88392967228072,0.6052009103458569
2017-08-01,D,major_purchase,147,15.646258503401361,18.88392967228072,0.8285488653544468
2017-08-01,D,medical,78,19.230769230769234,18.88392967228072,1.0183669164473554
2017-08-01,D,moving,51,17.647058823529413,18.88392967228072,0.9345014056811025
2017-08-01,D,other,511,13.111545988258316,18.88392967228072,0.6943229622118562
2017-08-01,D,small_business,78,15.384615384615385,18.88392967228072,0.8146935331578842
2017-08-01,D,vacation,39,7.6923076923076925,18.88392967228072,0.4073467665789421
2017-08-01,E,credit_card,185,26.486486486486488,26.68775204771489,0.9924585045278987
2017-08-01,E,debt_consolidation,1120,20.17857142857143,26.68775204771489,0.7560985800712727
2017-08-01,E,home_improvement,126,19.047619047619047,26.68775204771489,0.7137213735186054
2017-08-01,E,major_purchase,58,17.24137931034483,26.68775204771489,0.6460408984435654
2017-08-01,E,medical,36,16.666666666666664,26.68775204771489,0.6245062018287797
2017-08-01,E,other,233,22.746781115879827,26.68775204771489,0.8523303527105234
2017-08-01,E,small_business,33,15.151515151515152,26.68775204771489,0.5677329107534362
2017-08-01,F,credit_card,43,16.27906976744186,34.89234449760766,0.46655133101067514
2017-08-01,F,debt_consolidation,238,23.949579831932773,34.89234449760766,0.6863849413608432
2017-08-01,F,home_improvement,42,26.190476190476193,34.89234449760766,0.7506080937688754
2017-08-01,F,other,73,15.068493150684931,34.89234449760766,0.4318567114834625
2017-08-01,G,credit_card,32,31.25,38.06706114398422,0.820919689119171
2017-08-01,G,debt_consolidation,255,27.058823529411764,38.06706114398422,0.7108198719902469
2017-08-01,G,other,55,30.909090909090907,38.06706114398422,0.8119642016015073
2017-09-01,A,car,119,1.680672268907563,3.282474302988035,0.5120138388829572
2017-09-01,A,credit_card,1314,2.207001522070015,3.282474302988035,0.6723591164326809
2017-09-01,A,debt_consolidation,3146,2.3839796567069294,3.282474302988035,0.7262751926303866
2017-09-01,A,home_improvement,769,1.6905071521456438,3.282474302988035,0.5150100186943659
2017-09-01,A,house,51,1.9607843137254901,3.282474302988035,0.5973494786967833
2017-09-01,A,major_purchase,207,1.4492753623188406,3.282474302988035,0.44151917990631817
2017-09-01,A,medical,121,2.479338842975207,3.282474302988035,0.7553262003356022
2017-09-01,A,moving,56,5.357142857142857,3.282474302988035,1.632044111439426
2017-09-01,A,other,464,3.8793103448275863,3.282474302988035,1.1818250462147568
2017-09-01,A,small_business,61,3.278688524590164,3.282474302988035,0.9988466692962608
2017-09-01,A,vacation,63,0.0,3.282474302988035,0.0
2017-09-01,B,car,121,2.479338842975207,7.9361682568340015,0.3124100652528625
2017-09-01,B,credit_card,2529,3.6773428232502967,7.9361682568340015,0.46336502758540427
2017-09-01,B,debt_consolidation,6140,4.755700325732899,7.9361682568340015,0.5992438884643941
2017-09-01,B,home_improvement,978,4.703476482617587,7.9361682568340015,0.5926634025894454
2017-09-01,B,house,58,1.7241379310344827,7.9361682568340015,0.21725067756089864
2017-09-01,B,major_purchase,265,6.415094339622642,7.9361682568340015,0.8083364833020606
2017-09-01,B,medical,172,8.720930232558139,7.9361682568340015,1.098884241151057
2017-09-01,B,moving,87,6.896551724137931,7.9361682568340015,0.8690027102435945
2017-09-01,B,other,780,6.0256410256410255,7.9361682568340015,0.7592632654243714
2017-09-01,B,small_business,116,6.0344827586206895,7.9361682568340015,0.7603773714631452
2017-09-01,B,vacation,96,9.375,7.9361682568340015,1.1813005592373864
2017-09-01,C,car,138,8.695652173913043,13.199692948113462,0.6587768524688182
2017-09-01,C,credit_card,2464,8.806818181818182,13.199692948113462,0.6671987156395844
2017-09-01,C,debt_consolidation,8010,8.901373283395756,13.199692948113462,0.674362147542831
2017-09-01,C,home_improvement,906,7.39514348785872,13.199692948113462,0.5602511753059873
2017-09-01,C,house,92,10.869565217391305,13.199692948113462,0.8234710655860229
2017-09-01,C,major_purchase,321,9.657320872274143,13.199692948113462,0.731632236464591
2017-09-01,C,medical,218,6.422018348623854,13.199692948113462,0.4865278589333934
2017-09-01,C,moving,110,10.909090909090908,13.199692948113462,0.8264655058245174
2017-09-01,C,other,968,8.057851239669422,13.199692948113462,0.6104574758931095
2017-09-01,C,small_business,138,10.869565217391305,13.199692948113462,0.8234710655860229
2017-09-01,C,vacation,90,4.444444444444445,13.199692948113462,0.33670816903961825
2017-09-01,D,car,53,3.7735849056603774,18.88392967228072,0.1998304892651414
2017-09-01,D,credit_card,770,14.155844155844155,18.88392967228072,0.749623854860209
2017-09-01,D,debt_consolidation,3227,14.130771614502635,18.88392967228072,0.7482961364363089
2017-09-01,D,home_improvement,330,13.636363636363635,18.88392967228072,0.7221147225717609
2017-09-01,D,house,44,25.0,18.88392967228072,1.3238769913815618
2017-09-01,D,major_purchase,120,15.0,18.88392967228072,0.7943261948289371
2017-09-01,D,medical,91,19.78021978021978,18.88392967228072,1.047463114060137
2017-09-01,D,moving,46,19.565217391304348,18.88392967228072,1.0360776454290483
2017-09-01,D,other,477,12.368972746331238,18.88392967228072,0.6549999370357413
2017-09-01,D,small_business,67,17.91044776119403,18.88392967228072,0.9484491878554472
2017-09-01,E,credit_card,221,13.122171945701359,26.68775204771489,0.4916926656932475
2017-09-01,E,debt_consolidation,1217,20.37797863599014,26.68775204771489,0.7635704423346132
2017-09-01,E,home_improvement,115,20.0,26.68775204771489,0.7494074421945357
2017-09-01,E,major_purchase,53,20.754716981132077,26.68775204771489,0.7776869683150843
2017-09-01,E,other,183,14.207650273224044,26.68775204771489,0.5323659425425663
2017-09-01,E,small_business,31,22.58064516129032,26.68775204771489,0.84610517667125
2017-09-01,F,credit_card,66,28.78787878787879,34.89234449760766,0.8250485658781853
2017-09-01,F,debt_consolidation,390,22.564102564102566,34.89234449760766,0.6466777423239541
2017-09-01,F,home_improvement,35,25.71428571428571,34.89234449760766,0.7369606738821685
2017-09-01,F,other,59,37.28813559322034,34.89234449760766,1.0686623707895853
2017-09-01,G,credit_card,72,29.166666666666668,38.06706114398422,0.7661917098445596
2017-09-01,G,debt_consolidation,508,29.527559055118108,38.06706114398422,0.7756721471992166
2017-09-01,G,home_improvement,41,26.82926829268293,38.06706114398422,0.7047895867559713
2017-09-01,G,other,59,35.59322033898305,38.06706114398422,0.9350136120136999
2017-10-01,A,car,123,1.6260162601626018,3.282474302988035,0.49536298233391796
2017-10-01,A,credit_card,1802,1.7203107658157604,3.282474302988035,0.5240896369698194
2017-10-01,A,debt_consolidation,3454,1.563404748118124,3.282474302988035,0.476288495753023
2017-10-01,A,home_improvement,812,1.9704433497536946,3.282474302988035,0.6002920869662257
2017-10-01,A,house,102,1.9607843137254901,3.282474302988035,0.5973494786967833
2017-10-01,A,major_purchase,240,2.9166666666666665,3.282474302988035,0.8885573495614653
2017-10-01,A,medical,140,5.0,3.282474302988035,1.5232411706767977
2017-10-01,A,moving,50,4.0,3.282474302988035,1.218592936541438
2017-10-01,A,other,653,2.1439509954058193,3.282474302988035,0.6531508848231291
2017-10-01,A,small_business,80,3.75,3.282474302988035,1.1424308780075982
2017-10-01,A,vacation,54,7.4074074074074066,3.282474302988035,2.256653586187848
2017-10-01,B,car,127,3.937007874015748,7.9361682568340015,0.49608422435165833
2017-10-01,B,credit_card,2627,3.425961172440046,7.9361682568340015,0.4316895838857598
2017-10-01,B,debt_consolidation,6131,4.338607078779971,7.9361682568340015,0.5466878899705667
2017-10-01,B,home_improvement,1017,4.523107177974435,7.9361682568340015,0.5699358974753959
2017-10-01,B,house,118,5.084745762711865,7.9361682568340015,0.6407053880609554
2017-10-01,B,major_purchase,291,7.216494845360824,7.9361682568340015,0.9093172689662354
2017-10-01,B,medical,193,3.6269430051813467,7.9361682568340015,0.4570143787032375
2017-10-01,B,moving,69,7.246376811594203,7.9361682568340015,0.9130825578646465
2017-10-01,B,other,1013,4.343534057255676,7.9361682568340015,0.5473087158296281
2017-10-01,B,small_business,137,11.678832116788321,7.9361682568340015,1.4715958304855032
2017-10-01,B,vacation,78,3.8461538461538463,7.9361682568340015,0.48463612686662005
2017-10-01,C,car,114,8.771929824561402,13.199692948113462,0.6645555967887201
2017-10-01,C,credit_card,2058,6.802721088435375,13.199692948113462,0.5153696464892116
2017-10-01,C,debt_consolidation,6065,7.600989282769992,13.199692948113462,0.5758459164655301
2017-10-01,C,home_improvement,722,9.833795013850416,13.199692948113462,0.7450018006105127
2017-10-01,C,house,105,4.761904761904762,13.199692948113462,0.3607587525424481
2017-10-01,C,major_purchase,203,9.35960591133005,13.199692948113462,0.7090775481006739
2017-10-01,C,medical,155,6.451612903225806,13.199692948113462,0.4887699227994458
2017-10-01,C,moving,93,13.978494623655912,13.199692948113462,1.059001499398799
2017-10-01,C,other,866,7.736720554272518,13.199692948113462,0.5861288277450629
2017-10-01,C,small_business,104,9.615384615384617,13.199692948113462,0.7284551734030204
2017-10-01,C,vacation,72,9.722222222222223,13.199692948113462,0.7365491197741649
2017-10-01,D,car,76,11.842105263157894,18.88392967228072,0.6270996274965293
2017-10-01,D,credit_card,881,11.01021566401816,18.88392967228072,0.5830468475097003
2017-10-01,D,debt_consolidation,3405,10.983847283406755,18.88392967228072,0.581650507814043
2017-10-01,D,home_improvement,320,10.0,18.88392967228072,0.5295507965526247
2017-10-01,D,house,54,7.4074074074074066,18.88392967228072,0.3922598492982405
2017-10-01,D,major_purchase,129,17.05426356589147,18.88392967228072,0.9031098855936235
2017-10-01,D,medical,114,14.912280701754385,18.88392967228072,0.7896810124030368
2017-10-01,D,moving,54,12.962962962962962,18.88392967228072,0.6864547362719209
2017-10-01,D,other,552,13.405797101449277,18.88392967228072,0.7099050533495332
2017-10-01,D,small_business,67,14.925373134328357,18.88392967228072,0.7903743232128726
2017-10-01,D,vacation,50,12.0,18.88392967228072,0.6354609558631497
2017-10-01,E,credit_card,207,22.705314009661837,26.68775204771489,0.8507765648102218
2017-10-01,E,debt_consolidation,1117,17.278424350940018,26.68775204771489,0.6474289898994869
2017-10-01,E,home_improvement,92,16.304347826086957,26.68775204771489,0.6109299800498933
2017-10-01,E,major_purchase,43,18.6046511627907,26.68775204771489,0.6971232020414286
2017-10-01,E,other,167,17.365269461077844,26.68775204771489,0.6506831084922615
2017-10-01,E,small_business,33,30.303030303030305,26.68775204771489,1.1354658215068725
2017-10-01,F,credit_card,44,18.181818181818183,34.89234449760766,0.5210833047651697
2017-10-01,F,debt_consolidation,368,22.82608695652174,34.89234449760766,0.6541861054388814
2017-10-01,F,home_improvement,32,28.125,34.89234449760766,0.8060507370586217
2017-10-01,F,other,50,18.0,34.89234449760766,0.5158724717175179
2017-10-01,G,debt_consolidation,187,31.016042780748666,38.06706114398422,0.8147737663129313
2017-11-01,A,car,136,4.411764705882353,3.282474302988035,1.3440363270677627
2017-11-01,A,credit_card,2497,1.682018422106528,3.282474302988035,0.5124239420778975
2017-11-01,A,debt_consolidation,3990,2.0050125313283207,3.282474302988035,0.6108235270884401
2017-11-01,A,home_improvement,858,1.3986013986013985,3.282474302988035,0.42608144634316014
2017-11-01,A,house,134,2.9850746268656714,3.282474302988035,0.909397713836894
2017-11-01,A,major_purchase,263,2.6615969581749046,3.282474302988035,0.810850813288029
2017-11-01,A,medical,145,5.517241379310345,3.282474302988035,1.680817843505432
2017-11-01,A,moving,66,1.5151515151515151,3.282474302988035,0.4615882335384235
2017-11-01,A,other,807,2.1065675340768277,3.282474302988035,0.6417620793433844
2017-11-01,A,small_business,109,6.422018348623854,3.282474302988035,1.9564565494931347
2017-11-01,A,vacation,73,2.73972602739726,3.282474302988035,0.8346526962612589
2017-11-01,B,car,163,4.294478527607362,7.9361682568340015,0.5411274545381893
2017-11-01,B,credit_card,3209,3.2097226550327207,7.9361682568340015,0.40444236452128657
2017-11-01,B,debt_consolidation,6693,3.585835948005379,7.9361682568340015,0.45183466780930964
2017-11-01,B,home_improvement,1052,4.562737642585551,7.9361682568340015,0.5749295497429104
2017-11-01,B,house,160,6.875000000000001,7.9361682568340015,0.8662870767740835
2017-11-01,B,major_purchase,320,8.75,7.9361682568340015,1.1025471886215605
2017-11-01,B,medical,229,5.676855895196507,7.9361682568340015,0.7153144579952734
2017-11-01,B,moving,97,6.185567010309279,7.9361682568340015,0.7794148019710591
2017-11-01,B,other,1151,4.8653344917463075,7.9361682568340015,0.6130583846375316
2017-11-01,B,small_business,161,6.832298136645963,7.9361682568340015,0.8609064117009524
2017-11-01,B,vacation,92,2.1739130434782608,7.9361682568340015,0.2739247673593939
2017-11-01,C,car,118,3.389830508474576,13.199692948113462,0.2568113153692003
2017-11-01,C,credit_card,2374,5.8972198820556025,13.199692948113462,0.44676947450496945
2017-11-01,C,debt_consolidation,6329,6.493916890504028,13.199692948113462,0.49197484487183907
2017-11-01,C,home_improvement,778,6.426735218508997,13.199692948113462,0.48688520587348394
2017-11-01,C,house,128,7.03125,13.199692948113462,0.5326828455509586
2017-11-01,C,major_purchase,281,5.6939501779359425,13.199692948113462,0.4313698962785144
2017-11-01,C,medical,160,8.75,13.199692948113462,0.6628942077967485
2017-11-01,C,moving,98,6.122448979591836,13.199692948113462,0.4638326818402904
2017-11-01,C,other,1034,8.027079303675048,13.199692948113462,0.6081262143921539
2017-11-01,C,small_business,137,15.328467153284672,13.199692948113462,1.1612745246074425
2017-11-01,C,vacation,86,10.465116279069768,13.199692948113462,0.7928302817502639
2017-11-01,D,car,53,11.320754716981133,18.88392967228072,0.5994914677954243
2017-11-01,D,credit_card,964,9.12863070539419,18.88392967228072,0.4834073661476242
2017-11-01,D,debt_consolidation,3690,11.219512195121952,18.88392967228072,0.5941301619858717
2017-11-01,D,home_improvement,369,11.11111111111111,18.88392967228072,0.5883897739473608
2017-11-01,D,house,79,11.39240506329114,18.88392967228072,0.6032857175915978
2017-11-01,D,major_purchase,165,13.333333333333334,18.88392967228072,0.706067728736833
2017-11-01,D,medical,113,14.15929203539823,18.88392967228072,0.7498064375966368
2017-11-01,D,moving,44,15.909090909090908,18.88392967228072,0.8424671763337211
2017-11-01,D,other,573,9.947643979057592,18.88392967228072,0.5267782792931869
2017-11-01,D,small_business,85,17.647058823529413,18.88392967228072,0.9345014056811025
2017-11-01,D,vacation,42,14.285714285714285,18.88392967228072,0.756501137932321
2017-11-01,E,credit_card,195,12.82051282051282,26.68775204771489,0.48038938602213827
2017-11-01,E,debt_consolidation,1079,15.106580166821132,26.68775204771489,0.5660491801562064
2017-11-01,E,home_improvement,67,20.8955223880597,26.68775204771489,0.7829629993077238
2017-11-01,E,major_purchase,36,11.11111111111111,26.68775204771489,0.4163374678858532
2017-11-01,E,other,176,19.318181818181817,26.68775204771489,0.723859461210631
2017-11-01,F,credit_card,52,17.307692307692307,34.89234449760766,0.4960312228053057
2017-11-01,F,debt_consolidation,289,20.415224913494807,34.89234449760766,0.5850918075996454
2017-11-01,G,debt_consolidation,108,22.22222222222222,38.06706114398422,0.5837651122625216
2017-12-01,A,car,116,0.8620689655172413,3.282474302988035,0.2626277880477237
2017-12-01,A,credit_card,2444,1.104746317512275,3.282474302988035,0.33655901479765576
2017-12-01,A,debt_consolidation,3596,1.8631813125695216,3.282474302988035,0.5676148967483061
2017-12-01,A,home_improvement,676,1.4792899408284024,3.282474302988035,0.45066306824757324
2017-12-01,A,house,129,1.550387596899225,3.282474302988035,0.4723228436207125
2017-12-01,A,major_purchase,311,1.929260450160772,3.282474302988035,0.587745789328668
2017-12-01,A,medical,161,0.6211180124223602,3.282474302988035,0.18922250567413634
2017-12-01,A,moving,58,1.7241379310344827,3.282474302988035,0.5252555760954474
2017-12-01,A,other,869,2.6467203682393556,3.282474302988035,0.8063186864342082
2017-12-01,A,small_business,100,1.0,3.282474302988035,0.3046482341353595
2017-12-01,A,vacation,65,0.0,3.282474302988035,0.0
2017-12-01,B,car,143,4.895104895104895,7.9361682568340015,0.6168096160120619
2017-12-01,B,credit_card,2755,3.012704174228675,7.9361682568340015,0.3796169734222018
2017-12-01,B,debt_consolidation,5794,3.538142906454953,7.9361682568340015,0.44582508736608295
2017-12-01,B,home_improvement,853,3.8686987104337636,7.9361682568340015,0.48747690135001176
2017-12-01,B,house,153,6.535947712418301,7.9361682568340015,0.8235646600347792
2017-12-01,B,major_purchase,373,6.166219839142091,7.9361682568340015,0.7769769540649833
2017-12-01,B,medical,190,5.263157894736842,7.9361682568340015,0.6631862788701116
2017-12-01,B,moving,82,7.317073170731707,7.9361682568340015,0.9219906803803991
2017-12-01,B,other,1089,4.040404040404041,7.9361682568340015,0.5091126989305909
2017-12-01,B,small_business,157,7.006369426751593,7.9361682568340015,0.8828403330181741
2017-12-01,B,vacation,99,4.040404040404041,7.9361682568340015,0.5091126989305909
2017-12-01,C,car,117,4.273504273504273,13.199692948113462,0.3237578548457868
2017-12-01,C,credit_card,2058,6.6569484936831875,13.199692948113462,0.5043260112072999
2017-12-01,C,debt_consolidation,5577,6.885422270037654,13.199692948113462,0.5216350332620228
2017-12-01,C,home_improvement,641,6.084243369734789,13.199692948113462,0.46093825012833856
2017-12-01,C,house,118,14.40677966101695,13.199692948113462,1.0914480903191015
2017-12-01,C,major_purchase,325,9.230769230769232,13.199692948113462,0.6993169664668994
2017-12-01,C,medical,158,8.227848101265822,13.199692948113462,0.6233363255954958
2017-12-01,C,moving,85,7.0588235294117645,13.199692948113462,0.5347717978864525
2017-12-01,C,other,1001,6.193806193806194,13.199692948113462,0.4692386571531143
2017-12-01,C,small_business,159,12.578616352201259,13.199692948113462,0.9529476482253347
2017-12-01,C,vacation,81,2.4691358024691357,13.199692948113462,0.187060093910899
2017-12-01,D,car,59,8.47457627118644,18.88392967228072,0.44877186148527515
2017-12-01,D,credit_card,926,8.207343412526997,18.88392967228072,0.43462052416846086
2017-12-01,D,debt_consolidation,3505,9.671897289586305,18.88392967228072,0.5121760913875599
2017-12-01,D,home_improvement,282,13.829787234042554,18.88392967228072,0.7323574845940555
2017-12-01,D,house,84,22.61904761904762,18.88392967228072,1.1977934683928417
2017-12-01,D,major_purchase,161,11.180124223602485,18.88392967228072,0.592044368816599
2017-12-01,D,medical,123,11.38211382113821,18.88392967228072,0.6027407440436379
2017-12-01,D,moving,56,12.5,18.88392967228072,0.6619384956907809
2017-12-01,D,other,631,10.301109350237718,18.88392967228072,0.5454960661794074
2017-12-01,D,small_business,85,15.294117647058824,18.88392967228072,0.8099012182569555
2017-12-01,D,vacation,54,9.25925925925926,18.88392967228072,0.49032481162280067
2017-12-01,E,credit_card,157,12.101910828025478,26.68775204771489,0.45346310196484646
2017-12-01,E,debt_consolidation,845,14.082840236686389,26.68775204771489,0.5276892640304718
2017-12-01,E,home_improvement,59,22.033898305084744,26.68775204771489,0.8256183685194037
2017-12-01,E,major_purchase,36,11.11111111111111,26.68775204771489,0.4163374678858532
2017-12-01,E,other,122,11.475409836065573,26.68775204771489,0.4299878766689959
2017-12-01,F,credit_card,30,23.333333333333332,34.89234449760766,0.6687235744486343
2017-12-01,F,debt_consolidation,183,20.21857923497268,34.89234449760766,0.5794560246978799
2017-12-01,G,debt_consolidation,47,17.02127659574468,38.06706114398422,0.44713923492448465
2018-01-01,A,car,114,0.0,3.282474302988035,0.0
2018-01-01,A,credit_card,2709,1.1074197120708749,3.282474302988035,0.33737345972908034
2018-01-01,A,debt_consolidation,3966,1.109430156328795,3.282474302988035,0.3379859380220832
2018-01-01,A,home_improvement,717,0.8368200836820083,3.282474302988035,0.2549357607827276
2018-01-01,A,house,155,1.935483870967742,3.282474302988035,0.5896417434877926
2018-01-01,A,major_purchase,272,0.7352941176470588,3.282474302988035,0.22400605451129374
2018-01-01,A,medical,162,1.8518518518518516,3.282474302988035,0.564163396546962
2018-01-01,A,moving,45,6.666666666666667,3.282474302988035,2.0309882275690634
2018-01-01,A,other,811,1.726263871763255,3.282474302988035,0.5259032401843443
2018-01-01,A,small_business,85,4.705882352941177,3.282474302988035,1.4336387488722802
2018-01-01,A,vacation,53,1.8867924528301887,3.282474302988035,0.5748079889346406
2018-01-01,B,car,149,1.342281879194631,7.9361682568340015,0.16913475568499492
2018-01-01,B,credit_card,2611,2.5277671390271927,7.9361682568340015,0.31851229172850254
2018-01-01,B,debt_consolidation,5435,3.385464581416743,7.9361682568340015,0.4265867950193027
2018-01-01,B,home_improvement,770,3.2467532467532463,7.9361682568340015,0.4091084187835104
2018-01-01,B,house,150,4.0,7.9361682568340015,0.5040215719412848
2018-01-01,B,major_purchase,350,3.428571428571429,7.9361682568340015,0.4320184902353871
2018-01-01,B,medical,178,4.49438202247191,7.9361682568340015,0.5663163729677358
2018-01-01,B,moving,83,10.843373493975903,7.9361682568340015,1.3663235383950494
2018-01-01,B,other,990,3.3333333333333335,7.9361682568340015,0.42001797661773743
2018-01-01,B,small_business,145,6.896551724137931,7.9361682568340015,0.8690027102435945
2018-01-01,B,vacation,72,1.3888888888888888,7.9361682568340015,0.17500749025739057
2018-01-01,C,car,117,7.6923076923076925,13.199692948113462,0.5827641387224162
2018-01-01,C,credit_card,2029,5.322819122720552,13.199692948113462,0.4032532532115684
2018-01-01,C,debt_consolidation,5209,5.183336532923786,13.199692948113462,0.3926861445413094
2018-01-01,C,home_improvement,578,6.055363321799308,13.199692948113462,0.45875031681435874
2018-01-01,C,house,103,8.737864077669903,13.199692948113462,0.6619747983545893
2018-01-01,C,major_purchase,262,6.488549618320611,13.199692948113462,0.4915682238841755
2018-01-01,C,medical,152,7.894736842105263,13.199692948113462,0.5981000371098482
2018-01-01,C,moving,72,0.0,13.199692948113462,0.0
2018-01-01,C,other,908,7.599118942731277,13.199692948113462,0.5757042207422988
2018-01-01,C,small_business,132,5.303030303030303,13.199692948113462,0.40175406533136265
2018-01-01,C,vacation,64,4.6875,13.199692948113462,0.35512189703397234
2018-01-01,D,car,45,6.666666666666667,18.88392967228072,0.3530338643684165
2018-01-01,D,credit_card,865,6.242774566473988,18.88392967228072,0.3305866244374767
2018-01-01,D,debt_consolidation,3081,8.146705615060046,18.88392967228072,0.4314094447734788
2018-01-01,D,home_improvement,261,10.344827586206897,18.88392967228072,0.5478111688475429
2018-01-01,D,house,74,16.216216216216218,18.88392967228072,0.8587310214366888
2018-01-01,D,major_purchase,105,10.476190476190476,18.88392967228072,0.5547675011503688
2018-01-01,D,medical,92,14.130434782608695,18.88392967228072,0.7482782994765349
2018-01-01,D,moving,44,15.909090909090908,18.88392967228072,0.8424671763337211
2018-01-01,D,other,506,11.857707509881422,18.88392967228072,0.6279258457145748
2018-01-01,D,small_business,66,10.606060606060606,18.88392967228072,0.5616447842224808
2018-01-01,D,vacation,33,12.121212121212121,18.88392967228072,0.6418797533971209
2018-01-01,E,credit_card,177,7.344632768361582,26.68775204771489,0.2752061228398013
2018-01-01,E,debt_consolidation,783,13.282247765006385,26.68775204771489,0.4976907662083762
2018-01-01,E,home_improvement,49,16.3265306122449,26.68775204771489,0.6117611773016618
2018-01-01,E,other,115,13.043478260869565,26.68775204771489,0.4887439840399146
2018-01-01,F,credit_card,32,28.125,34.89234449760766,0.8060507370586217
2018-01-01,F,debt_consolidation,154,18.181818181818183,34.89234449760766,0.5210833047651697
2018-02-01,A,car,113,1.7699115044247788,3.282474302988035,0.5392004143988665
2018-02-01,A,credit_card,2319,0.9918068132815868,3.282474302988035,0.3021521942696537
2018-02-01,A,debt_consolidation,3422,1.081239041496201,3.282474302988035,0.32939756467002634
2018-02-01,A,home_improvement,652,0.9202453987730062,3.282474302988035,0.28035113570738607
2018-02-01,A,house,148,2.7027027027027026,3.282474302988035,0.823373605771242
2018-02-01,A,major_purchase,298,3.0201342281879198,3.282474302988035,0.9200785594692067
2018-02-01,A,medical,142,1.4084507042253522,3.282474302988035,0.4290820199089571
2018-02-01,A,moving,43,0.0,3.282474302988035,0.0
2018-02-01,A,other,723,2.0746887966804977,3.282474302988035,0.6320502782891275
2018-02-01,A,small_business,106,0.9433962264150944,3.282474302988035,0.2874039944673203
2018-02-01,A,vacation,56,0.0,3.282474302988035,0.0
2018-02-01,B,car,119,1.680672268907563,7.9361682568340015,0.21177376972322895
2018-02-01,B,credit_card,2398,1.5012510425354462,7.9361682568340015,0.18916572758430208
2018-02-01,B,debt_consolidation,4824,2.9643449419568824,7.9361682568340015,0.37352344935532616
2018-02-01,B,home_improvement,755,2.251655629139073,7.9361682568340015,0.28372075241727956
2018-02-01,B,house,148,2.7027027027027026,7.9361682568340015,0.3405551161765438
2018-02-01,B,major_purchase,318,3.459119496855346,7.9361682568340015,0.4358677115844445
2018-02-01,B,medical,132,3.787878787878788,7.9361682568340015,0.4772931552474289
2018-02-01,B,moving,60,10.0,7.9361682568340015,1.260053929853212
2018-02-01,B,other,842,3.0878859857482186,7.9361682568340015,0.38909028712807026
2018-02-01,B,small_business,115,4.3478260869565215,7.9361682568340015,0.5478495347187878
2018-02-01,B,vacation,61,1.639344262295082,7.9361682568340015,0.20656621800872332
2018-02-01,C,car,99,5.05050505050505,13.199692948113462,0.38262291936320253
2018-02-01,C,credit_card,1845,3.360433604336043,13.199692948113462,0.2545842253714186
2018-02-01,C,debt_consolidation,4954,4.662898667743238,13.199692948113462,0.3532581163874477
2018-02-01,C,home_improvement,532,5.075187969924812,13.199692948113462,0.3844928809991881
2018-02-01,C,house,100,4.0,13.199692948113462,0.3030373521356564
2018-02-01,C,major_purchase,239,9.205020920502092,13.199692948113462,0.6973662915255692
2018-02-01,C,medical,135,8.148148148148149,13.199692948113462,0.6172983099059668
2018-02-01,C,moving,68,4.411764705882353,13.199692948113462,0.33423237367903286
2018-02-01,C,other,733,5.5934515688949515,13.199692948113462,0.4237561881842398
2018-02-01,C,small_business,123,9.75609756097561,13.199692948113462,0.7391154930137961
2018-02-01,C,vacation,47,8.51063829787234,13.199692948113462,0.6447603236928859
2018-02-01,D,car,54,11.11111111111111,18.88392967228072,0.5883897739473608
2018-02-01,D,credit_card,733,7.3669849931787175,18.88392967228072,0.39011927713290223
2018-02-01,D,debt_consolidation,2742,7.439824945295405,18.88392967228072,0.393976522599327
2018-02-01,D,home_improvement,260,10.0,18.88392967228072,0.5295507965526247
2018-02-01,D,house,54,5.555555555555555,18.88392967228072,0.2941948869736804
2018-02-01,D,major_purchase,132,9.090909090909092,18.88392967228072,0.4814098150478407
2018-02-01,D,medical,94,8.51063829787234,18.88392967228072,0.4506815289809572
2018-02-01,D,moving,35,11.428571428571429,18.88392967228072,0.6052009103458569
2018-02-01,D,other,457,7.439824945295405,18.88392967228072,0.393976522599327
2018-02-01,D,small_business,83,14.457831325301203,18.88392967228072,0.7656156094736742
2018-02-01,D,vacation,38,5.263157894736842,18.88392967228072,0.278710945554013
2018-02-01,E,credit_card,151,8.609271523178808,26.68775204771489,0.3225926075671843
2018-02-01,E,debt_consolidation,733,12.005457025920874,26.68775204771489,0.449848942108589
2018-02-01,E,home_improvement,53,7.547169811320755,26.68775204771489,0.2827952612054852
2018-02-01,E,other,87,9.195402298850574,26.68775204771489,0.34455514583656816
2018-02-01,F,debt_consolidation,149,18.120805369127517,34.89234449760766,0.5193347030713268
2018-02-01,G,debt_consolidation,38,15.789473684210526,38.06706114398422,0.414780474502318
2018-03-01,A,car,142,0.0,3.282474302988035,0.0
2018-03-01,A,credit_card,2705,0.6654343807763401,3.282474302988035,0.20272340903646843
2018-03-01,A,debt_consolidation,4053,1.1102886750555145,3.282474302988035,0.3382474842361505
2018-03-01,A,home_improvement,935,1.8181818181818181,3.282474302988035,0.5539058802461082
2018-03-01,A,house,202,0.49504950495049505,3.282474302988035,0.15081595749275223
2018-03-01,A,major_purchase,336,2.083333333333333,3.282474302988035,0.6346838211153323
2018-03-01,A,medical,156,1.282051282051282,3.282474302988035,0.3905746591478968
2018-03-01,A,moving,50,0.0,3.282474302988035,0.0
2018-03-01,A,other,901,1.7758046614872365,3.282474302988035,0.5409957542914264
2018-03-01,A,small_business,94,3.1914893617021276,3.282474302988035,0.9722815983043389
2018-03-01,A,vacation,68,2.941176470588235,3.282474302988035,0.896024218045175
2018-03-01,B,car,183,1.092896174863388,7.9361682568340015,0.13771081200581556
2018-03-01,B,credit_card,2786,2.0459440057430007,7.9361682568340015,0.2577999784696091
2018-03-01,B,debt_consolidation,5717,2.4838201854119295,7.9361682568340015,0.3129747385677036
2018-03-01,B,home_improvement,961,2.18522372528616,7.9361682568340015,0.2753499742655302
2018-03-01,B,house,191,3.664921465968586,7.9361682568340015,0.4617998695797112
2018-03-01,B,major_purchase,344,4.069767441860465,7.9361682568340015,0.5128126458704934
2018-03-01,B,medical,183,1.639344262295082,7.9361682568340015,0.20656621800872332
2018-03-01,B,moving,76,3.9473684210526314,7.9361682568340015,0.49738970915258374
2018-03-01,B,other,1080,2.4074074074074074,7.9361682568340015,0.3033463164461437
2018-03-01,B,small_business,137,4.37956204379562,7.9361682568340015,0.5518484364320637
2018-03-01,B,vacation,101,4.9504950495049505,7.9361682568340015,0.6237890741847585
2018-03-01,C,car,133,3.007518796992481,13.199692948113462,0.22784763318470405
2018-03-01,C,credit_card,2093,3.440038222646918,13.199692948113462,0.2606150185590929
2018-03-01,C,debt_consolidation,5533,3.8496294957527564,13.199692948113462,0.2916453822740594
2018-03-01,C,home_improvement,731,5.60875512995896,13.199692948113462,0.4249155758400107
2018-03-01,C,house,140,5.714285714285714,13.199692948113462,0.43291050305093776
2018-03-01,C,major_purchase,287,5.923344947735192,13.199692948113462,0.4487486921869477
2018-03-01,C,medical,167,4.191616766467066,13.199692948113462,0.31755411151940044
2018-03-01,C,moving,76,1.3157894736842104,13.199692948113462,0.09968333951830802
2018-03-01,C,other,875,5.828571428571429,13.199692948113462,0.44156871311195656
2018-03-01,C,small_business,118,3.389830508474576,13.199692948113462,0.2568113153692003
2018-03-01,C,vacation,71,4.225352112676056,13.199692948113462,0.3201098790165384
2018-03-01,D,car,71,4.225352112676056,18.88392967228072,0.22375385769829212
2018-03-01,D,credit_card,895,5.698324022346369,18.88392967228072,0.3017552025048476
2018-03-01,D,debt_consolidation,3213,6.504824151882975,18.88392967228072,0.3444634811064381
2018-03-01,D,home_improvement,287,8.362369337979095,18.88392967228072,0.4428299343994075
2018-03-01,D,house,70,12.857142857142856,18.88392967228072,0.6808510241390888
2018-03-01,D,major_purchase,173,5.780346820809249,18.88392967228072,0.30609872633099694
2018-03-01,D,medical,93,15.053763440860216,18.88392967228072,0.7971732421222308
2018-03-01,D,moving,53,18.867924528301888,18.88392967228072,0.9991524463257071
2018-03-01,D,other,530,10.943396226415095,18.88392967228072,0.5795084188689101
2018-03-01,D,small_business,69,11.594202898550725,18.88392967228072,0.6139719380320287
2018-03-01,D,vacation,61,8.19672131147541,18.88392967228072,0.43405802996116777
2018-03-01,E,credit_card,171,7.017543859649122,26.68775204771489,0.26294997971738093
2018-03-01,E,debt_consolidation,858,11.072261072261073,26.68775204771489,0.4148817424736649
2018-03-01,E,home_improvement,64,9.375,26.68775204771489,0.35128473852868863
2018-03-01,E,medical,33,6.0606060606060606,26.68775204771489,0.22709316430137447
2018-03-01,E,other,123,15.447154471544716,26.68775204771489,0.5788106260852105
2018-03-01,F,debt_consolidation,171,12.865497076023392,34.89234449760766,0.3687197653601493
2018-04-01,A,car,161,0.6211180124223602,3.282474302988035,0.18922250567413634
2018-04-01,A,credit_card,3061,0.6207121855602744,3.282474302988035,0.1890988712372372
2018-04-01,A,debt_consolidation,4164,0.8165225744476465,3.282474302988035,0.24875216043713314
2018-04-01,A,home_improvement,999,0.9009009009009009,3.282474302988035,0.274457868590414
2018-04-01,A,house,238,0.8403361344537815,3.282474302988035,0.2560069194414786
2018-04-01,A,major_purchase,370,0.8108108108108109,3.282474302988035,0.2470120817313726
2018-04-01,A,medical,172,1.744186046511628,3.282474302988035,0.5313631990733015
2018-04-01,A,moving,60,3.3333333333333335,3.282474302988035,1.0154941137845317
2018-04-01,A,other,998,1.8036072144288577,3.282474302988035,0.5494657529495462
2018-04-01,A,small_business,107,0.9345794392523363,3.282474302988035,0.28471797582743874
2018-04-01,A,vacation,74,2.7027027027027026,3.282474302988035,0.823373605771242
2018-04-01,B,car,148,2.027027027027027,7.9361682568340015,0.2554163371324079
2018-04-01,B,credit_card,3208,1.8079800498753118,7.9361682568340015,0.22781523669415932
2018-04-01,B,debt_consolidation,5985,1.8713450292397662,7.9361682568340015,0.23579956582048417
2018-04-01,B,home_improvement,1055,2.5592417061611377,7.9361682568340015,0.32247825692925813
2018-04-01,B,house,259,4.247104247104247,7.9361682568340015,0.5351580397059974
2018-04-01,B,major_purchase,395,4.556962025316456,7.9361682568340015,0.5742017908191853
2018-04-01,B,medical,213,2.8169014084507045,7.9361682568340015,0.35494476897273586
2018-04-01,B,moving,70,1.4285714285714286,7.9361682568340015,0.1800077042647446
2018-04-01,B,other,1222,2.3731587561374794,7.9361682568340015,0.29903080168365914
2018-04-01,B,small_business,126,3.1746031746031744,7.9361682568340015,0.4000171205883213
2018-04-01,B,vacation,105,3.8095238095238098,7.9361682568340015,0.4800205447059856
2018-04-01,C,car,126,5.555555555555555,13.199692948113462,0.4208852112995228
2018-04-01,C,credit_card,2556,2.503912363067293,13.199692948113462,0.1896947431209117
2018-04-01,C,debt_consolidation,6236,3.6722257857601024,13.199692948113462,0.27820539464025545
2018-04-01,C,home_improvement,829,4.463208685162847,13.199692948113462,0.33812973549515346
2018-04-01,C,house,184,6.521739130434782,13.199692948113462,0.4940826393516137
2018-04-01,C,major_purchase,305,6.557377049180328,13.199692948113462,0.4967825444846827
2018-04-01,C,medical,167,8.383233532934131,13.199692948113462,0.6351082230388009
2018-04-01,C,moving,85,2.3529411764705883,13.199692948113462,0.17825726596215083
2018-04-01,C,other,1051,5.233111322549953,13.199692948113462,0.3964570496541652
2018-04-01,C,small_business,109,6.422018348623854,13.199692948113462,0.4865278589333934
2018-04-01,C,vacation,89,1.1235955056179776,13.199692948113462,0.085122851723499
2018-04-01,D,car,67,10.44776119402985,18.88392967228072,0.5532620262490109
2018-04-01,D,credit_card,1019,4.906771344455349,18.88392967228072,0.2598384673957923
2018-04-01,D,debt_consolidation,3567,5.831230726100364,18.88392967228072,0.3087932875888588
2018-04-01,D,home_improvement,394,7.3604060913705585,18.88392967228072,0.38977089086360706
2018-04-01,D,house,83,4.819277108433735,18.88392967228072,0.25520520315789147
2018-04-01,D,major_purchase,147,6.122448979591836,18.88392967228072,0.3242147733995661
2018-04-01,D,medical,119,9.243697478991598,18.88392967228072,0.489500736309149
2018-04-01,D,moving,53,7.547169811320755,18.88392967228072,0.3996609785302828
2018-04-01,D,other,616,6.0064935064935066,18.88392967228072,0.31807434208518043
2018-04-01,D,small_business,67,13.432835820895523,18.88392967228072,0.7113368908915855
2018-04-01,D,vacation,52,13.461538461538462,18.88392967228072,0.7128568415131487
2018-04-01,E,credit_card,206,8.25242718446602,26.68775204771489,0.30922151741036674
2018-04-01,E,debt_consolidation,886,9.255079006772009,26.68775204771489,0.34679125428866775
2018-04-01,E,home_improvement,67,5.970149253731343,26.68775204771489,0.22370371408792109
2018-04-01,E,major_purchase,43,18.6046511627907,26.68775204771489,0.6971232020414286
2018-04-01,E,other,133,7.518796992481203,26.68775204771489,0.2817321211257653
2018-04-01,F,credit_card,33,6.0606060606060606,34.89234449760766,0.1736944349217232
2018-04-01,F,debt_consolidation,211,12.322274881516588,34.89234449760766,0.35315124446170265
2018-04-01,G,debt_consolidation,44,13.636363636363635,38.06706114398422,0.35821950070654734
2018-05-01,A,car,149,1.342281879194631,3.282474302988035,0.4089238042085363
2018-05-01,A,credit_card,3902,0.743208610968734,3.282474302988035,0.22641719092581822
2018-05-01,A,debt_consolidation,4693,0.8310249307479225,3.282474302988035,0.25317027767481404
2018-05-01,A,home_improvement,962,1.3513513513513513,3.282474302988035,0.411686802885621
2018-05-01,A,house,227,0.881057268722467,3.282474302988035,0.2684125410884225
2018-05-01,A,major_purchase,361,1.3850415512465373,3.282474302988035,0.4219504627913566
2018-05-01,A,medical,153,1.3071895424836601,3.282474302988035,0.3982329857978556
2018-05-01,A,moving,75,1.3333333333333335,3.282474302988035,0.40619764551381277
2018-05-01,A,other,873,0.9163802978235969,3.282474302988035,0.27917363952839364
2018-05-01,A,small_business,90,1.1111111111111112,3.282474302988035,0.3384980379281773
2018-05-01,A,vacation,80,0.0,3.282474302988035,0.0
2018-05-01,B,car,167,2.9940119760479043,7.9361682568340015,0.3772616556446743
2018-05-01,B,credit_card,3605,1.2205270457697643,7.9361682568340015,0.1537929900514323
2018-05-01,B,debt_consolidation,6385,1.456538762725137,7.9361682568340015,0.18353173919553442
2018-05-01,B,home_improvement,1083,2.1237303785780237,7.9361682568340015,0.2676014809475889
2018-05-01,B,house,229,1.3100436681222707,7.9361682568340015,0.16507256722967845
2018-05-01,B,major_purchase,442,4.524886877828054,7.9361682568340015,0.5701601492548471
2018-05-01,B,medical,216,2.314814814814815,7.9361682568340015,0.2916791504289843
2018-05-01,B,moving,85,1.1764705882352942,7.9361682568340015,0.14824163880626026
2018-05-01,B,other,1109,2.8854824165915236,7.9361682568340015,0.3635863458548493
2018-05-01,B,small_business,127,3.149606299212598,7.9361682568340015,0.3968673794813266
2018-05-01,B,vacation,130,5.384615384615385,7.9361682568340015,0.6784905776132681
2018-05-01,C,car,157,3.821656050955414,13.199692948113462,0.2895261326136845
2018-05-01,C,credit_card,2739,1.9350127783862723,13.199692948113462,0.14659528717770892
2018-05-01,C,debt_consolidation,6619,2.9913884272548725,13.199692948113462,0.22662560705114057
2018-05-01,C,home_improvement,937,2.3479188900747063,13.199692948113462,0.17787678086938208
2018-05-01,C,house,203,3.4482758620689653,13.199692948113462,0.2612390966686693
2018-05-01,C,major_purchase,339,5.3097345132743365,13.199692948113462,0.4022619718614908
2018-05-01,C,medical,189,5.291005291005291,13.199692948113462,0.40084305838049794
2018-05-01,C,moving,96,7.291666666666667,13.199692948113462,0.5524118398306237
2018-05-01,C,other,1111,3.4203420342034203,13.199692948113462,0.25912284836082233
2018-05-01,C,small_business,161,6.211180124223603,13.199692948113462,0.47055489462058453
2018-05-01,C,vacation,101,4.9504950495049505,13.199692948113462,0.3750462278906639
2018-05-01,D,car,74,5.405405405405405,18.88392967228072,0.2862436738122296
2018-05-01,D,credit_card,1104,3.894927536231884,18.88392967228072,0.2062561979326346
2018-05-01,D,debt_consolidation,3768,5.3078556263269645,18.88392967228072,0.2810779174907775
2018-05-01,D,home_improvement,397,5.793450881612091,18.88392967228072,0.3067926529146189
2018-05-01,D,house,104,11.538461538461538,18.88392967228072,0.6110201498684131
2018-05-01,D,major_purchase,156,5.128205128205128,18.88392967228072,0.271564511052628
2018-05-01,D,medical,109,9.174311926605505,18.88392967228072,0.485826418855619
2018-05-01,D,moving,72,11.11111111111111,18.88392967228072,0.5883897739473608
2018-05-01,D,other,642,6.386292834890965,18.88392967228072,0.33818664577348306
2018-05-01,D,small_business,69,10.144927536231885,18.88392967228072,0.5372254457780251
2018-05-01,D,vacation,76,9.210526315789473,18.88392967228072,0.4877441547195227
2018-05-01,E,credit_card,207,4.830917874396135,26.68775204771489,0.18101629038515357
2018-05-01,E,debt_consolidation,964,5.9128630705394185,26.68775204771489,0.2215571794869737
2018-05-01,E,home_improvement,76,6.578947368421052,26.68775204771489,0.24651560598504463
2018-05-01,E,major_purchase,40,7.5,26.68775204771489,0.2810277908229509
2018-05-01,E,other,156,7.6923076923076925,26.68775204771489,0.28823363161328297
2018-05-01,F,credit_card,43,2.3255813953488373,34.89234449760766,0.06665019014438217
2018-05-01,F,debt_consolidation,210,6.666666666666667,34.89234449760766,0.19106387841389555
2018-05-01,G,debt_consolidation,51,7.8431372549019605,38.06706114398422,0.2060347455044194
2018-06-01,A,car,122,0.0,3.282474302988035,0.0
2018-06-01,A,credit_card,4066,0.3443187407771766,3.282474302988035,0.10489609635747746
2018-06-01,A,debt_consolidation,4625,0.5405405405405406,3.282474302988035,0.1646747211542484
2018-06-01,A,home_improvement,792,0.12626262626262627,3.282474302988035,0.03846568612820196
2018-06-01,A,house,163,0.6134969325153374,3.282474302988035,0.18690075713825738
2018-06-01,A,major_purchase,285,0.7017543859649122,3.282474302988035,0.21378823448095405
2018-06-01,A,medical,145,1.3793103448275863,3.282474302988035,0.420204460876358
2018-06-01,A,moving,54,0.0,3.282474302988035,0.0
2018-06-01,A,other,634,0.47318611987381703,3.282474302988035,0.1441553158369209
2018-06-01,A,small_business,70,0.0,3.282474302988035,0.0
2018-06-01,A,vacation,80,0.0,3.282474302988035,0.0
2018-06-01,B,car,156,0.641025641025641,7.9361682568340015,0.08077268781110333
2018-06-01,B,credit_card,3322,1.2642986152919928,7.9361682568340015,0.159308443870665
2018-06-01,B,debt_consolidation,5651,1.026367014687666,7.9361682568340015,0.1293277790328903
2018-06-01,B,home_improvement,828,1.8115942028985508,7.9361682568340015,0.22827063946616163
2018-06-01,B,house,192,2.083333333333333,7.9361682568340015,0.26251123538608584
2018-06-01,B,major_purchase,345,4.057971014492753,7.9361682568340015,0.5113262324042019
2018-06-01,B,medical,140,3.571428571428571,7.9361682568340015,0.45001926066186143
2018-06-01,B,moving,89,2.247191011235955,7.9361682568340015,0.2831581864838679
2018-06-01,B,other,942,1.6985138004246285,7.9361682568340015,0.21402189891349677
2018-06-01,B,small_business,91,0.0,7.9361682568340015,0.0
2018-06-01,B,vacation,109,1.834862385321101,7.9361682568340015,0.2312025559363692
2018-06-01,C,car,97,1.0309278350515463,13.199692948113462,0.07810241034424134
2018-06-01,C,credit_card,2488,1.2057877813504823,13.199692948113462,0.0913496841244945
2018-06-01,C,debt_consolidation,5749,1.8264045921029746,13.199692948113462,0.13836720287982227
2018-06-01,C,home_improvement,779,2.8241335044929397,13.199692948113462,0.2139544848197831
2018-06-01,C,house,179,3.910614525139665,13.199692948113462,0.29626556773039037
2018-06-01,C,major_purchase,311,4.180064308681672,13.199692948113462,0.31667890496491424
2018-06-01,C,medical,169,4.733727810650888,13.199692948113462,0.35862408536764073
2018-06-01,C,moving,84,5.952380952380952,13.199692948113462,0.4509484406780601
2018-06-01,C,other,1036,2.8957528957528957,13.199692948113462,0.21938032249202927
2018-06-01,C,small_business,104,3.8461538461538463,13.199692948113462,0.2913820693612081
2018-06-01,C,vacation,98,1.0204081632653061,13.199692948113462,0.07730544697338174
2018-06-01,D,car,59,6.779661016949152,18.88392967228072,0.35901748918822013
2018-06-01,D,credit_card,992,3.931451612903226,18.88392967228072,0.20819033332210046
2018-06-01,D,debt_consolidation,3278,3.7522879804759,18.88392967228072,0.19870270889558525
2018-06-01,D,home_improvement,354,5.084745762711865,18.88392967228072,0.26926311689116517
2018-06-01,D,house,100,8.0,18.88392967228072,0.42364063724209977
2018-06-01,D,major_purchase,165,4.848484848484849,18.88392967228072,0.25675190135884834
2018-06-01,D,medical,83,4.819277108433735,18.88392967228072,0.25520520315789147
2018-06-01,D,moving,48,4.166666666666666,18.88392967228072,0.22064616523026026
2018-06-01,D,other,572,4.72027972027972,18.88392967228072,0.24996278858253262
2018-06-01,D,small_business,60,6.666666666666667,18.88392967228072,0.3530338643684165
2018-06-01,D,vacation,69,5.797101449275362,18.88392967228072,0.3069859690160143
2018-06-01,E,credit_card,204,4.411764705882353,26.68775204771489,0.16531046518997114
2018-06-01,E,debt_consolidation,816,5.392156862745098,26.68775204771489,0.20204612412107584
2018-06-01,E,home_improvement,63,6.349206349206349,26.68775204771489,0.2379071245062018
2018-06-01,E,major_purchase,37,2.7027027027027026,26.68775204771489,0.10127127597223455
2018-06-01,E,other,125,7.199999999999999,26.68775204771489,0.26978667919003285
2018-06-01,F,credit_card,53,11.320754716981133,34.89234449760766,0.3244480954198226
2018-06-01,F,debt_consolidation,203,7.8817733990147785,34.89234449760766,0.22588832915928536
2018-06-01,G,debt_consolidation,36,8.333333333333332,38.06706114398422,0.21891191709844557
2018-07-01,A,car,91,0.0,3.282474302988035,0.0
2018-07-01,A,credit_card,4556,0.3292361720807726,3.282474302988035,0.10030121843789273
2018-07-01,A,debt_consolidation,5619,0.2847481758319986,3.282474302988035,0.08674802894048322
2018-07-01,A,home_improvement,770,0.2597402597402597,3.282474302988035,0.07912941146372973
2018-07-01,A,house,56,1.7857142857142856,3.282474302988035,0.544014703813142
2018-07-01,A,major_purchase,175,0.0,3.282474302988035,0.0
2018-07-01,A,medical,104,0.9615384615384616,3.282474302988035,0.2929309943609226
2018-07-01,A,moving,39,0.0,3.282474302988035,0.0
2018-07-01,A,other,402,0.7462686567164178,3.282474302988035,0.2273494284592235
2018-07-01,A,small_business,50,0.0,3.282474302988035,0.0
2018-07-01,A,vacation,58,0.0,3.282474302988035,0.0
2018-07-01,B,car,87,1.1494252873563218,7.9361682568340015,0.1448337850405991
2018-07-01,B,credit_card,3468,0.461361014994233,7.9361682568340015,0.058133976002455
2018-07-01,B,debt_consolidation,6240,0.9775641025641025,7.9361682568340015,0.12317834891193259
2018-07-01,B,home_improvement,741,1.0796221322537112,7.9361682568340015,0.1360382110502793
2018-07-01,B,house,75,2.666666666666667,7.9361682568340015,0.3360143812941899
2018-07-01,B,major_purchase,219,1.36986301369863,7.9361682568340015,0.17261012737715234
2018-07-01,B,medical,123,2.4390243902439024,7.9361682568340015,0.3073302267934664
2018-07-01,B,moving,65,0.0,7.9361682568340015,0.0
2018-07-01,B,other,539,1.1131725417439702,7.9361682568340015,0.14026574358291785
2018-07-01,B,small_business,77,1.2987012987012987,7.9361682568340015,0.16364336751340416
2018-07-01,B,vacation,89,0.0,7.9361682568340015,0.0
2018-07-01,C,car,101,0.9900990099009901,13.199692948113462,0.07500924557813278
2018-07-01,C,credit_card,2581,1.0461061604029445,13.199692948113462,0.07925231022532664
2018-07-01,C,debt_consolidation,6400,1.421875,13.199692948113462,0.10772030876697161
2018-07-01,C,home_improvement,616,1.461038961038961,13.199692948113462,0.1106873445300693
2018-07-01,C,house,79,1.2658227848101267,13.199692948113462,0.0958978962454609
2018-07-01,C,major_purchase,177,2.2598870056497176,13.199692948113462,0.1712075435794669
2018-07-01,C,medical,140,2.142857142857143,13.199692948113462,0.16234143864410164
2018-07-01,C,moving,73,1.36986301369863,13.199692948113462,0.10377991511495083
2018-07-01,C,other,590,2.2033898305084745,13.199692948113462,0.1669273549899802
2018-07-01,C,small_business,85,1.1764705882352942,13.199692948113462,0.08912863298107541
2018-07-01,C,vacation,96,4.166666666666666,13.199692948113462,0.31566390847464204
2018-07-01,D,car,57,1.7543859649122806,18.88392967228072,0.09290364851800434
2018-07-01,D,credit_card,1070,2.0560747663551404,18.88392967228072,0.10887960302951163
2018-07-01,D,debt_consolidation,3695,2.0568335588633286,18.88392967228072,0.10891978494722457
2018-07-01,D,home_improvement,401,3.2418952618453867,18.88392967228072,0.17167482182504043
2018-07-01,D,house,69,4.3478260869565215,18.88392967228072,0.23023947676201073
2018-07-01,D,major_purchase,160,0.625,18.88392967228072,0.033096924784539045
2018-07-01,D,medical,106,3.7735849056603774,18.88392967228072,0.1998304892651414
2018-07-01,D,moving,46,2.1739130434782608,18.88392967228072,0.11511973838100537
2018-07-01,D,other,515,3.6893203883495143,18.88392967228072,0.1953682550388324
2018-07-01,D,small_business,68,11.76470588235294,18.88392967228072,0.6230009371207349
2018-07-01,D,vacation,64,3.125,18.88392967228072,0.16548462392269522
2018-07-01,E,credit_card,228,2.1929824561403506,26.68775204771489,0.08217186866168154
2018-07-01,E,debt_consolidation,957,3.343782654127482,26.68775204771489,0.12529278030420662
2018-07-01,E,home_improvement,98,5.1020408163265305,26.68775204771489,0.1911753679067693
2018-07-01,E,major_purchase,47,8.51063829787234,26.68775204771489,0.31889678391256837
2018-07-01,E,medical,31,6.451612903225806,26.68775204771489,0.2417443361917857
2018-07-01,E,other,231,3.896103896103896,26.68775204771489,0.1459884627651693
2018-07-01,F,credit_card,44,9.090909090909092,34.89234449760766,0.26054165238258487
2018-07-01,F,debt_consolidation,249,2.0080321285140563,34.89234449760766,0.05754936096804083
2018-07-01,F,home_improvement,37,5.405405405405405,34.89234449760766,0.1549166581734288
2018-07-01,F,other,46,6.521739130434782,34.89234449760766,0.1869103158396804
2018-07-01,G,debt_consolidation,59,8.47457627118644,38.06706114398422,0.2226222885746904
2018-08-01,A,car,110,0.0,3.282474302988035,0.0
2018-08-01,A,credit_card,4902,0.10199918400652795,3.282474302988035,0.031073871290836344
2018-08-01,A,debt_consolidation,6325,0.22134387351778656,3.282474302988035,0.06743202020387404
2018-08-01,A,home_improvement,887,0.2254791431792559,3.282474302988035,0.06869182280391421
2018-08-01,A,house,55,0.0,3.282474302988035,0.0
2018-08-01,A,major_purchase,197,0.0,3.282474302988035,0.0
2018-08-01,A,medical,110,0.0,3.282474302988035,0.0
2018-08-01,A,moving,45,0.0,3.282474302988035,0.0
2018-08-01,A,other,468,0.2136752136752137,3.282474302988035,0.06509577652464947
2018-08-01,A,small_business,68,0.0,3.282474302988035,0.0
2018-08-01,A,vacation,55,0.0,3.282474302988035,0.0
2018-08-01,B,car,104,1.9230769230769231,7.9361682568340015,0.24231806343331003
2018-08-01,B,credit_card,3719,0.21511158913686476,7.9361682568340015,0.0271052203248876
2018-08-01,B,debt_consolidation,6830,0.4538799414348462,7.9361682568340015,0.05719132038865238
2018-08-01,B,home_improvement,777,0.5148005148005148,7.9361682568340015,0.06486764117648454
2018-08-01,B,house,53,3.7735849056603774,7.9361682568340015,0.47549204900121217
2018-08-01,B,major_purchase,218,1.834862385321101,7.9361682568340015,0.2312025559363692
2018-08-01,B,medical,131,1.5267175572519083,7.9361682568340015,0.19237464577911634
2018-08-01,B,moving,83,0.0,7.9361682568340015,0.0
2018-08-01,B,other,629,0.6359300476947536,7.9361682568340015,0.0801306155709515
2018-08-01,B,small_business,65,1.5384615384615385,7.9361682568340015,0.19385445074664803
2018-08-01,B,vacation,74,1.3513513513513513,7.9361682568340015,0.1702775580882719
2018-08-01,C,car,87,0.0,13.199692948113462,0.0
2018-08-01,C,credit_card,2633,0.6456513482719332,13.199692948113462,0.04891411874578579
2018-08-01,C,debt_consolidation,6664,0.7052821128451381,13.199692948113462,0.05343170599630797
2018-08-01,C,home_improvement,720,0.5555555555555556,13.199692948113462,0.04208852112995228
2018-08-01,C,house,69,2.898550724637681,13.199692948113462,0.21959228415627277
2018-08-01,C,major_purchase,201,0.0,13.199692948113462,0.0
2018-08-01,C,medical,120,0.0,13.199692948113462,0.0
2018-08-01,C,moving,80,1.25,13.199692948113462,0.09469917254239263
2018-08-01,C,other,683,0.7320644216691069,13.199692948113462,0.055460715983831704
2018-08-01,C,small_business,87,1.1494252873563218,13.199692948113462,0.08707969888955644
2018-08-01,C,vacation,87,1.1494252873563218,13.199692948113462,0.08707969888955644
2018-08-01,D,car,61,1.639344262295082,18.88392967228072,0.08681160599223356
2018-08-01,D,credit_card,1057,1.5137180700094608,18.88392967228072,0.08015906097296117
2018-08-01,D,debt_consolidation,3827,1.358766657956624,18.88392967228072,0.0719535966050078
2018-08-01,D,home_improvement,436,1.146788990825688,18.88392967228072,0.060728302356952375
2018-08-01,D,house,62,3.225806451612903,18.88392967228072,0.17082283759762087
2018-08-01,D,major_purchase,176,1.1363636363636365,18.88392967228072,0.06017622688098009
2018-08-01,D,medical,99,1.0101010101010102,18.88392967228072,0.053489979449760076
2018-08-01,D,moving,56,0.0,18.88392967228072,0.0
2018-08-01,D,other,520,1.153846153846154,18.88392967228072,0.06110201498684132
2018-08-01,D,small_business,81,2.4691358024691357,18.88392967228072,0.1307532830994135
2018-08-01,D,vacation,52,0.0,18.88392967228072,0.0
2018-08-01,E,credit_card,221,1.3574660633484164,26.68775204771489,0.050864758519991116
2018-08-01,E,debt_consolidation,993,2.014098690835851,26.68775204771489,0.0754690274113329
2018-08-01,E,home_improvement,113,5.3097345132743365,26.68775204771489,0.19895772801624845
2018-08-01,E,major_purchase,51,5.88235294117647,26.68775204771489,0.22041395358662813
2018-08-01,E,medical,32,3.125,26.68775204771489,0.1170949128428962
2018-08-01,E,other,240,2.9166666666666665,26.68775204771489,0.10928858532003645
2018-08-01,E,small_business,31,9.67741935483871,26.68775204771489,0.3626165042876786
2018-08-01,F,credit_card,50,6.0,34.89234449760766,0.17195749057250598
2018-08-01,F,debt_consolidation,240,3.75,34.89234449760766,0.10747343160781624
2018-08-01,F,other,61,1.639344262295082,34.89234449760766,0.04698292092144972
2018-08-01,G,debt_consolidation,60,5.0,38.06706114398422,0.13134715025906737
2018-09-01,A,car,79,0.0,3.282474302988035,0.0
2018-09-01,A,credit_card,4707,0.10622477161674101,3.282474302988035,0.03236118909447201
2018-09-01,A,debt_consolidation,5949,0.2017145738779627,3.282474302988035,0.06145198873128786
2018-09-01,A,home_improvement,677,0.29542097488921715,3.282474302988035,0.0899994783265464
2018-09-01,A,house,54,1.8518518518518516,3.282474302988035,0.564163396546962
2018-09-01,A,major_purchase,185,0.0,3.282474302988035,0.0
2018-09-01,A,medical,85,0.0,3.282474302988035,0.0
2018-09-01,A,moving,33,0.0,3.282474302988035,0.0
2018-09-01,A,other,350,0.0,3.282474302988035,0.0
2018-09-01,A,small_business,59,0.0,3.282474302988035,0.0
2018-09-01,A,vacation,46,0.0,3.282474302988035,0.0
2018-09-01,B,car,82,0.0,7.9361682568340015,0.0
2018-09-01,B,credit_card,3003,0.1998001998001998,7.9361682568340015,0.025175902694369874
2018-09-01,B,debt_consolidation,5687,0.15825567082820466,7.9361682568340015,0.019941067994863563
2018-09-01,B,home_improvement,627,0.1594896331738437,7.9361682568340015,0.0200965539051549
2018-09-01,B,house,41,0.0,7.9361682568340015,0.0
2018-09-01,B,major_purchase,168,1.1904761904761905,7.9361682568340015,0.1500064202206205
2018-09-01,B,medical,90,1.1111111111111112,7.9361682568340015,0.14000599220591248
2018-09-01,B,moving,59,0.0,7.9361682568340015,0.0
2018-09-01,B,other,473,0.21141649048625794,7.9361682568340015,0.026639617967298357
2018-09-01,B,small_business,66,0.0,7.9361682568340015,0.0
2018-09-01,B,vacation,59,1.694915254237288,7.9361682568340015,0.2135684626869851
2018-09-01,C,car,88,0.0,13.199692948113462,0.0
2018-09-01,C,credit_card,2001,0.39980009995002497,13.199692948113462,0.030288590918106588
2018-09-01,C,debt_consolidation,5587,0.46536602827993556,13.199692948113462,0.03525582224595967
2018-09-01,C,home_improvement,539,0.5565862708719851,13.199692948113462,0.0421666074400264
2018-09-01,C,house,49,0.0,13.199692948113462,0.0
2018-09-01,C,major_purchase,153,1.3071895424836601,13.199692948113462,0.09903181442341713
2018-09-01,C,medical,104,1.9230769230769231,13.199692948113462,0.14569103468060404
2018-09-01,C,moving,64,0.0,13.199692948113462,0.0
2018-09-01,C,other,489,1.0224948875255624,13.199692948113462,0.07746353582199807
2018-09-01,C,small_business,64,3.125,13.199692948113462,0.23674793135598157
2018-09-01,C,vacation,51,0.0,13.199692948113462,0.0
2018-09-01,D,car,56,1.7857142857142856,18.88392967228072,0.09456264224154012
2018-09-01,D,credit_card,866,0.5773672055427251,18.88392967228072,0.03057452635985131
2018-09-01,D,debt_consolidation,3277,0.7628928898382668,18.88392967228072,0.040399053749818795
2018-09-01,D,home_improvement,359,1.1142061281337048,18.88392967228072,0.05900287426770192
2018-09-01,D,house,35,0.0,18.88392967228072,0.0
2018-09-01,D,major_purchase,122,2.459016393442623,18.88392967228072,0.13021740898835035
2018-09-01,D,medical,84,2.380952380952381,18.88392967228072,0.12608352298872016
2018-09-01,D,moving,49,2.0408163265306123,18.88392967228072,0.10807159113318872
2018-09-01,D,other,388,0.7731958762886598,18.88392967228072,0.04094464921798645
2018-09-01,D,small_business,76,2.631578947368421,18.88392967228072,0.1393554727770065
2018-09-01,D,vacation,44,2.272727272727273,18.88392967228072,0.12035245376196017
2018-09-01,E,credit_card,166,0.6024096385542169,26.68775204771489,0.022572513319112524
2018-09-01,E,debt_consolidation,922,2.27765726681128,26.68775204771489,0.08534466532584192
2018-09-01,E,home_improvement,81,1.2345679012345678,26.68775204771489,0.046259718653983685
2018-09-01,E,major_purchase,47,0.0,26.68775204771489,0.0
2018-09-01,E,other,160,1.25,26.68775204771489,0.04683796513715848
2018-09-01,F,credit_card,44,0.0,34.89234449760766,0.0
2018-09-01,F,debt_consolidation,201,1.4925373134328357,34.89234449760766,0.04277549516729004
2018-09-01,F,other,52,3.8461538461538463,34.89234449760766,0.11022916062340127
2018-09-01,G,debt_consolidation,34,2.941176470588235,38.06706114398422,0.07726302956415727
2018-10-01,A,car,94,0.0,3.282474302988035,0.0
2018-10-01,A,credit_card,5432,0.05522827687776141,3.282474302988035,0.01682519702514872
2018-10-01,A,debt_consolidation,7069,0.08487763474324517,3.282474302988035,0.02585782154211568
2018-10-01,A,home_improvement,805,0.12422360248447205,3.282474302988035,0.03784450113482727
2018-10-01,A,house,50,0.0,3.282474302988035,0.0
2018-10-01,A,major_purchase,197,0.0,3.282474302988035,0.0
2018-10-01,A,medical,102,0.0,3.282474302988035,0.0
2018-10-01,A,moving,37,0.0,3.282474302988035,0.0
2018-10-01,A,other,434,0.0,3.282474302988035,0.0
2018-10-01,A,small_business,79,0.0,3.282474302988035,0.0
2018-10-01,A,vacation,56,0.0,3.282474302988035,0.0
2018-10-01,B,car,94,1.0638297872340425,7.9361682568340015,0.1340482904099162
2018-10-01,B,credit_card,3688,0.10845986984815618,7.9361682568340015,0.013666528523353712
2018-10-01,B,debt_consolidation,7003,0.15707553905469085,7.9361682568340015,0.01979236502696749
2018-10-01,B,home_improvement,758,0.5277044854881267,7.9361682568340015,0.06649361107404814
2018-10-01,B,house,56,0.0,7.9361682568340015,0.0
2018-10-01,B,major_purchase,195,0.0,7.9361682568340015,0.0
2018-10-01,B,medical,126,0.0,7.9361682568340015,0.0
2018-10-01,B,moving,56,0.0,7.9361682568340015,0.0
2018-10-01,B,other,550,0.18181818181818182,7.9361682568340015,0.022910071451876585
2018-10-01,B,small_business,85,0.0,7.9361682568340015,0.0
2018-10-01,B,vacation,49,0.0,7.9361682568340015,0.0
2018-10-01,C,car,85,0.0,13.199692948113462,0.0
2018-10-01,C,credit_card,2413,0.24865312888520513,13.199692948113462,0.018837796444404666
2018-10-01,C,debt_consolidation,6464,0.20111386138613863,13.199692948113462,0.01523625300805822
2018-10-01,C,home_improvement,658,0.1519756838905775,13.199692948113462,0.011513577208801536
2018-10-01,C,house,74,1.3513513513513513,13.199692948113462,0.10237748382961365
2018-10-01,C,major_purchase,194,1.0309278350515463,13.199692948113462,0.07810241034424134
2018-10-01,C,medical,150,0.0,13.199692948113462,0.0
2018-10-01,C,moving,69,1.4492753623188406,13.199692948113462,0.10979614207813639
2018-10-01,C,other,607,0.16474464579901155,13.199692948113462,0.012480945310364764
2018-10-01,C,small_business,100,0.0,13.199692948113462,0.0
2018-10-01,C,vacation,67,1.4925373134328357,13.199692948113462,0.11307363885658821
2018-10-01,D,car,66,0.0,18.88392967228072,0.0
2018-10-01,D,credit_card,969,0.30959752321981426,18.88392967228072,0.016394761503177237
2018-10-01,D,debt_consolidation,3661,0.2185195301830101,18.88392967228072,0.011571719127071832
2018-10-01,D,home_improvement,448,0.0,18.88392967228072,0.0
2018-10-01,D,house,65,1.5384615384615385,18.88392967228072,0.08146935331578842
2018-10-01,D,major_purchase,141,0.0,18.88392967228072,0.0
2018-10-01,D,medical,99,1.0101010101010102,18.88392967228072,0.053489979449760076
2018-10-01,D,moving,55,1.8181818181818181,18.88392967228072,0.09628196300956812
2018-10-01,D,other,539,0.3710575139146568,18.88392967228072,0.019649380206034316
2018-10-01,D,small_business,66,0.0,18.88392967228072,0.0
2018-10-01,D,vacation,60,0.0,18.88392967228072,0.0
2018-10-01,E,credit_card,229,0.0,26.68775204771489,0.0
2018-10-01,E,debt_consolidation,1041,0.19212295869356388,26.68775204771489,0.007198918753069507
2018-10-01,E,home_improvement,139,0.7194244604316548,26.68775204771489,0.02695710223721352
2018-10-01,E,major_purchase,55,0.0,26.68775204771489,0.0
2018-10-01,E,medical,35,0.0,26.68775204771489,0.0
2018-10-01,E,other,237,0.8438818565400843,26.68775204771489,0.03162056718120403
2018-10-01,F,debt_consolidation,142,0.7042253521126761,34.89234449760766,0.020182804057805866
2018-10-01,F,other,60,1.6666666666666667,34.89234449760766,0.04776596960347389
2018-10-01,G,debt_consolidation,30,3.3333333333333335,38.06706114398422,0.08756476683937825
2018-11-01,A,car,83,0.0,3.282474302988035,0.0
2018-11-01,A,credit_card,4555,0.0,3.282474302988035,0.0
2018-11-01,A,debt_consolidation,5878,0.05103776794828172,3.282474302988035,0.015548565879654277
2018-11-01,A,home_improvement,604,0.16556291390728478,3.282474302988035,0.050438449360158864
2018-11-01,A,house,34,0.0,3.282474302988035,0.0
2018-11-01,A,major_purchase,162,0.0,3.282474302988035,0.0
2018-11-01,A,medical,100,0.0,3.282474302988035,0.0
2018-11-01,A,moving,34,0.0,3.282474302988035,0.0
2018-11-01,A,other,359,0.0,3.282474302988035,0.0
2018-11-01,A,small_business,66,0.0,3.282474302988035,0.0
2018-11-01,A,vacation,50,0.0,3.282474302988035,0.0
2018-11-01,B,car,98,0.0,7.9361682568340015,0.0
2018-11-01,B,credit_card,3371,0.0,7.9361682568340015,0.0
2018-11-01,B,debt_consolidation,6447,0.09306654257794324,7.9361682568340015,0.011726886271318867
2018-11-01,B,home_improvement,655,0.15267175572519084,7.9361682568340015,0.019237464577911638
2018-11-01,B,house,69,0.0,7.9361682568340015,0.0
2018-11-01,B,major_purchase,184,0.5434782608695652,7.9361682568340015,0.06848119183984848
2018-11-01,B,medical,122,0.0,7.9361682568340015,0.0
2018-11-01,B,moving,48,0.0,7.9361682568340015,0.0
2018-11-01,B,other,527,0.0,7.9361682568340015,0.0
2018-11-01,B,small_business,76,0.0,7.9361682568340015,0.0
2018-11-01,B,vacation,64,0.0,7.9361682568340015,0.0
2018-11-01,C,car,76,0.0,13.199692948113462,0.0
2018-11-01,C,credit_card,2390,0.04184100418410042,13.199692948113462,0.0031698467796616777
2018-11-01,C,debt_consolidation,6117,0.04904364884747425,13.199692948113462,0.0037155143714523837
2018-11-01,C,home_improvement,599,0.5008347245409015,13.199692948113462,0.03794290719561641
2018-11-01,C,house,63,0.0,13.199692948113462,0.0
2018-11-01,C,major_purchase,207,0.0,13.199692948113462,0.0
2018-11-01,C,medical,136,0.7352941176470588,13.199692948113462,0.05570539561317213
2018-11-01,C,moving,59,0.0,13.199692948113462,0.0
2018-11-01,C,other,602,0.16611295681063123,13.199692948113462,0.012584607646829586
2018-11-01,C,small_business,93,0.0,13.199692948113462,0.0
2018-11-01,C,vacation,77,0.0,13.199692948113462,0.0
2018-11-01,D,car,57,0.0,18.88392967228072,0.0
2018-11-01,D,credit_card,1022,0.09784735812133072,18.88392967228072,0.005181514643372061
2018-11-01,D,debt_consolidation,3334,0.029994001199760045,18.88392967228072,0.0015883347227133313
2018-11-01,D,home_improvement,391,0.0,18.88392967228072,0.0
2018-11-01,D,house,60,0.0,18.88392967228072,0.0
2018-11-01,D,major_purchase,138,0.0,18.88392967228072,0.0
2018-11-01,D,medical,118,0.0,18.88392967228072,0.0
2018-11-01,D,moving,40,0.0,18.88392967228072,0.0
2018-11-01,D,other,463,0.0,18.88392967228072,0.0
2018-11-01,D,small_business,78,0.0,18.88392967228072,0.0
2018-11-01,D,vacation,45,0.0,18.88392967228072,0.0
2018-11-01,E,credit_card,250,0.0,26.68775204771489,0.0
2018-11-01,E,debt_consolidation,1217,0.08216926869350863,26.68775204771489,0.003078913073929892
2018-11-01,E,home_improvement,141,0.0,26.68775204771489,0.0
2018-11-01,E,major_purchase,67,0.0,26.68775204771489,0.0
2018-11-01,E,medical,43,0.0,26.68775204771489,0.0
2018-11-01,E,other,274,0.0,26.68775204771489,0.0
2018-11-01,F,debt_consolidation,38,0.0,34.89234449760766,0.0
2018-12-01,A,car,98,0.0,3.282474302988035,0.0
2018-12-01,A,credit_card,4190,0.02386634844868735,3.282474302988035,0.007270840910151778
2018-12-01,A,debt_consolidation,5941,0.0,3.282474302988035,0.0
2018-12-01,A,home_improvement,612,0.16339869281045752,3.282474302988035,0.04977912322473195
2018-12-01,A,house,44,0.0,3.282474302988035,0.0
2018-12-01,A,major_purchase,157,0.0,3.282474302988035,0.0
2018-12-01,A,medical,112,0.0,3.282474302988035,0.0
2018-12-01,A,moving,53,0.0,3.282474302988035,0.0
2018-12-01,A,other,380,0.0,3.282474302988035,0.0
2018-12-01,A,small_business,82,0.0,3.282474302988035,0.0
2018-12-01,A,vacation,48,0.0,3.282474302988035,0.0
2018-12-01,B,car,92,0.0,7.9361682568340015,0.0
2018-12-01,B,credit_card,3133,0.06383657835939993,7.9361682568340015,0.00804375314301444
2018-12-01,B,debt_consolidation,6457,0.015487068297971194,7.9361682568340015,0.00195145412707637
2018-12-01,B,home_improvement,633,0.0,7.9361682568340015,0.0
2018-12-01,B,house,77,0.0,7.9361682568340015,0.0
2018-12-01,B,major_purchase,220,0.9090909090909091,7.9361682568340015,0.11455035725938292
2018-12-01,B,medical,97,0.0,7.9361682568340015,0.0
2018-12-01,B,moving,52,0.0,7.9361682568340015,0.0
2018-12-01,B,other,597,0.16750418760469013,7.9361682568340015,0.021106430985815952
2018-12-01,B,small_business,78,0.0,7.9361682568340015,0.0
2018-12-01,B,vacation,74,0.0,7.9361682568340015,0.0
2018-12-01,C,car,70,0.0,13.199692948113462,0.0
2018-12-01,C,credit_card,2186,0.09149130832570906,13.199692948113462,0.006931320954612453
2018-12-01,C,debt_consolidation,5606,0.01783803068141277,13.199692948113462,0.0013513973962524812
2018-12-01,C,home_improvement,587,0.0,13.199692948113462,0.0
2018-12-01,C,house,81,0.0,13.199692948113462,0.0
2018-12-01,C,major_purchase,181,0.0,13.199692948113462,0.0
2018-12-01,C,medical,126,0.0,13.199692948113462,0.0
2018-12-01,C,moving,51,0.0,13.199692948113462,0.0
2018-12-01,C,other,644,0.0,13.199692948113462,0.0
2018-12-01,C,small_business,97,0.0,13.199692948113462,0.0
2018-12-01,C,vacation,76,0.0,13.199692948113462,0.0
2018-12-01,D,car,52,0.0,18.88392967228072,0.0
2018-12-01,D,credit_card,858,0.0,18.88392967228072,0.0
2018-12-01,D,debt_consolidation,3044,0.0328515111695138,18.88392967228072,0.001739654390777348
2018-12-01,D,home_improvement,327,0.0,18.88392967228072,0.0
2018-12-01,D,house,55,0.0,18.88392967228072,0.0
2018-12-01,D,major_purchase,120,0.0,18.88392967228072,0.0
2018-12-01,D,medical,80,0.0,18.88392967228072,0.0
2018-12-01,D,moving,37,0.0,18.88392967228072,0.0
2018-12-01,D,other,467,0.0,18.88392967228072,0.0
2018-12-01,D,small_business,58,0.0,18.88392967228072,0.0
2018-12-01,D,vacation,50,0.0,18.88392967228072,0.0
2018-12-01,E,credit_card,236,0.0,26.68775204771489,0.0
2018-12-01,E,debt_consolidation,1104,0.0,26.68775204771489,0.0
2018-12-01,E,home_improvement,122,0.0,26.68775204771489,0.0
2018-12-01,E,major_purchase,61,0.0,26.68775204771489,0.0
2018-12-01,E,medical,45,0.0,26.68775204771489,0.0
2018-12-01,E,other,297,0.33670033670033667,26.68775204771489,0.012616286905631914
2018-12-01,E,small_business,34,0.0,26.68775204771489,0.0
2018-12-01,E,vacation,40,0.0,26.68775204771489,0.0
